mau_da,mua,gioi_tinh,hoan_canh,phong_cach,ao_trong,ao_khoac,quan
trang,nong,nam,di_hoc,toi_gian,ao_thun,ao_khoac,quan_ong_suong
trang,mat,nam,di_hoc,toi_gian,ao_thun,hoodie,quan_ong_suong
ngam,nong,nam,di_choi,han_quoc,ao_thun,khong_co,kaki
vang,mat,nu,di_hoc,han_quoc,ao_len,ao_khoac,quan_tay
vang,nong,nu,di_choi,han_quoc,ao_thun,cardigan,chan_vay
trang,nong,nu,di_hoc,sporty,ao_thun,khong_co,quan_ni
ngam,mat,nu,di_choi,sporty,tank_top,ao_khoac,quan_ni
trang,nong,nam,di_choi,lich_su,so_mi,khong_co,quan_tay
trang,lanh,nam,di_lam,lich_su,ao_len,blazer,quan_tay
vang,nong,nu,di_choi,toi_gian,ao_thun,khong_co,short
trang,nong,nu,di_hoc,sporty,ao_thun,khong_co,quan_ni
ngam,nong,nam,di_choi,sporty,ao_thun,khong_co,short
ngam,nong,nam,di_hoc,han_quoc,ao_thun,khong_co,jeans
vang,mat,nam,di_lam,toi_gian,so_mi,blazer,quan_tay
ngam,lanh,nam,di_lam,lich_su,ao_len,blazer,quan_tay
trang,mat,nam,di_hoc,streetwear,ao_thun,hoodie,jeans
trang,lanh,nam,di_choi,toi_gian,ao_len,ao_khoac,jeans
trang,nong,nam,di_hoc,streetwear,ao_thun,khong_co,quan_ni
ngam,nong,nu,di_lam,toi_gian,ao_thun,cardigan,quan_tay
vang,mat,nu,di_choi,streetwear,crop_top,ao_khoac,jeans
trang,nong,nam,di_choi,sporty,ao_thun,khong_co,short
vang,nong,nu,di_hoc,toi_gian,ao_thun,ao_chong_nang,quan_ni
ngam,nong,nam,di_hoc,han_quoc,ao_thun,khong_co,jeans
trang,nong,nam,di_choi,lich_su,so_mi,khong_co,quan_tay
ngam,nong,nu,di_hoc,han_quoc,ao_thun,khong_co,quan_tay
ngam,nong,nu,di_choi,sporty,tank_top,cardigan,quan_ni
ngam,mat,nam,di_hoc,sporty,ao_thun,hoodie,kaki
trang,lanh,nam,di_hoc,toi_gian,ao_len,ao_khoac,quan_ong_suong
trang,mat,nu,di_choi,lich_su,so_mi,blazer,chan_vay
vang,mat,nam,di_choi,streetwear,ao_thun,ao_khoac,jeans
vang,lanh,nu,di_choi,han_quoc,ao_len,ao_khoac,chan_vay
trang,nong,nu,di_lam,lich_su,so_mi,cardigan,chan_vay
ngam,lanh,nu,di_choi,streetwear,crop_top,ao_khoac,jeans
vang,nong,nu,di_hoc,han_quoc,ao_thun,khong_co,quan_tay
trang,lanh,nam,di_hoc,toi_gian,ao_len,ao_khoac,quan_ong_suong
trang,mat,nam,di_lam,lich_su,so_mi,blazer,quan_tay
trang,lanh,nam,di_lam,lich_su,ao_len,blazer,quan_tay
vang,mat,nu,di_choi,lich_su,so_mi,blazer,chan_vay
vang,nong,nam,di_lam,lich_su,so_mi,khong_co,quan_tay
trang,lanh,nam,di_hoc,streetwear,ao_thun,ao_khoac,jeans
vang,mat,nu,di_hoc,streetwear,ao_thun,hoodie,jeans
vang,nong,nam,di_hoc,sporty,ao_thun,khong_co,kaki
trang,lanh,nu,di_lam,toi_gian,ao_len,ao_khoac,quan_tay
trang,lanh,nu,di_hoc,toi_gian,ao_len,ao_khoac,quan_ni
vang,mat,nu,di_choi,streetwear,crop_top,ao_khoac,jeans
vang,nong,nam,di_hoc,toi_gian,ao_thun,ao_khoac,quan_ong_suong
trang,mat,nu,di_lam,toi_gian,so_mi,blazer,quan_tay
trang,mat,nam,di_lam,toi_gian,so_mi,blazer,quan_tay
ngam,nong,nu,di_lam,toi_gian,ao_thun,cardigan,quan_tay
vang,lanh,nam,di_choi,streetwear,ao_len,ao_khoac,jeans
vang,nong,nam,di_lam,lich_su,so_mi,khong_co,quan_tay
trang,mat,nam,di_choi,han_quoc,ao_len,ao_khoac,kaki
trang,lanh,nam,di_choi,lich_su,ao_len,blazer,quan_tay
ngam,mat,nu,di_lam,han_quoc,ao_len,blazer,chan_vay
ngam,nong,nam,di_hoc,han_quoc,ao_thun,khong_co,jeans
ngam,mat,nam,di_hoc,streetwear,ao_thun,hoodie,jeans
trang,lanh,nu,di_hoc,sporty,ao_thun,ao_khoac,jeans
trang,mat,nam,di_hoc,han_quoc,ao_len,ao_khoac,jeans
trang,mat,nu,di_hoc,lich_su,so_mi,blazer,quan_tay
trang,nong,nu,di_hoc,streetwear,crop_top,ao_khoac,jeans
trang,lanh,nu,di_choi,lich_su,ao_len,blazer,chan_vay
vang,lanh,nu,di_lam,lich_su,ao_len,blazer,quan_tay
ngam,nong,nu,di_hoc,streetwear,crop_top,ao_khoac,jeans
trang,mat,nam,di_lam,toi_gian,so_mi,blazer,quan_tay
vang,mat,nam,di_lam,toi_gian,so_mi,blazer,quan_tay
trang,nong,nu,di_hoc,toi_gian,ao_thun,ao_chong_nang,quan_ni
ngam,mat,nam,di_hoc,han_quoc,ao_len,ao_khoac,jeans
vang,nong,nu,di_hoc,streetwear,crop_top,ao_khoac,jeans
vang,nong,nu,di_choi,sporty,tank_top,khong_co,short
ngam,mat,nam,di_choi,sporty,ao_thun,ao_khoac,quan_ong_suong
trang,nong,nu,di_choi,toi_gian,ao_thun,khong_co,short
trang,mat,nam,di_hoc,han_quoc,ao_len,ao_khoac,jeans
trang,mat,nam,di_choi,sporty,ao_thun,ao_khoac,quan_ong_suong
trang,nong,nu,di_choi,toi_gian,ao_thun,khong_co,short
trang,nong,nam,di_hoc,sporty,ao_thun,khong_co,kaki
vang,lanh,nam,di_hoc,streetwear,ao_thun,ao_khoac,jeans
trang,lanh,nu,di_lam,han_quoc,ao_len,ao_khoac,chan_vay
ngam,nong,nam,di_hoc,toi_gian,ao_thun,khong_co,quan_ong_suong
ngam,nong,nu,di_hoc,toi_gian,ao_thun,ao_chong_nang,quan_ni
vang,nong,nam,di_choi,han_quoc,ao_thun,khong_co,kaki
trang,nong,nam,di_choi,han_quoc,ao_thun,khong_co,kaki
vang,lanh,nu,di_choi,toi_gian,ao_len,ao_khoac,jeans
vang,mat,nu,di_choi,sporty,tank_top,ao_khoac,quan_ni
ngam,mat,nu,di_hoc,sporty,ao_thun,hoodie,quan_ni
trang,lanh,nu,di_lam,lich_su,ao_len,blazer,quan_tay
vang,lanh,nam,di_lam,lich_su,ao_len,blazer,quan_tay
trang,lanh,nam,di_choi,lich_su,ao_len,blazer,quan_tay
trang,lanh,nam,di_lam,lich_su,ao_len,blazer,quan_tay
ngam,nong,nam,di_hoc,toi_gian,ao_thun,ao_khoac,quan_ong_suong
trang,lanh,nu,di_lam,lich_su,ao_len,blazer,quan_tay
trang,mat,nu,di_hoc,toi_gian,ao_thun,hoodie,quan_ni
vang,nong,nam,di_hoc,han_quoc,ao_thun,khong_co,jeans
vang,mat,nu,di_lam,lich_su,so_mi,blazer,chan_vay
vang,nong,nam,di_hoc,toi_gian,ao_thun,khong_co,quan_ong_suong
ngam,nong,nam,di_choi,han_quoc,ao_thun,khong_co,kaki
vang,nong,nu,di_hoc,streetwear,crop_top,khong_co,jeans
trang,nong,nam,di_lam,toi_gian,so_mi,ao_khoac,quan_tay
vang,mat,nu,di_hoc,lich_su,so_mi,blazer,quan_tay
vang,mat,nu,di_lam,han_quoc,ao_len,blazer,chan_vay
ngam,mat,nam,di_choi,lich_su,so_mi,blazer,quan_tay
vang,nong,nam,di_hoc,toi_gian,ao_thun,ao_khoac,quan_ong_suong
ngam,lanh,nam,di_choi,lich_su,ao_len,blazer,quan_tay
vang,nong,nu,di_choi,lich_su,so_mi,khong_co,chan_vay
trang,nong,nu,di_hoc,han_quoc,ao_thun,khong_co,quan_tay
trang,nong,nam,di_choi,toi_gian,ao_thun,khong_co,jeans
ngam,mat,nu,di_lam,han_quoc,ao_len,blazer,chan_vay
ngam,lanh,nu,di_hoc,streetwear,ao_thun,ao_khoac,jeans
ngam,lanh,nu,di_choi,lich_su,ao_len,blazer,chan_vay
vang,mat,nam,di_hoc,sporty,ao_thun,hoodie,kaki
ngam,mat,nu,di_choi,lich_su,so_mi,blazer,chan_vay
trang,lanh,nam,di_choi,sporty,ao_thun,ao_khoac,quan_ong_suong
trang,lanh,nam,di_choi,sporty,ao_thun,ao_khoac,quan_ong_suong
trang,nong,nu,di_hoc,toi_gian,ao_thun,ao_chong_nang,quan_ni
trang,lanh,nam,di_hoc,streetwear,ao_thun,ao_khoac,jeans
ngam,mat,nam,di_hoc,sporty,ao_thun,hoodie,kaki
trang,nong,nu,di_lam,lich_su,so_mi,cardigan,chan_vay
ngam,mat,nam,di_lam,toi_gian,so_mi,blazer,quan_tay
trang,lanh,nam,di_hoc,sporty,ao_thun,ao_khoac,quan_ong_suong
vang,nong,nu,di_hoc,toi_gian,ao_thun,ao_chong_nang,quan_ni
trang,lanh,nam,di_hoc,toi_gian,ao_len,ao_khoac,quan_ong_suong
vang,mat,nam,di_choi,toi_gian,ao_thun,ao_khoac,jeans
vang,nong,nam,di_hoc,streetwear,ao_thun,khong_co,quan_ni
vang,mat,nu,di_lam,lich_su,so_mi,blazer,chan_vay
vang,lanh,nam,di_lam,lich_su,ao_len,blazer,quan_tay
vang,mat,nu,di_lam,toi_gian,so_mi,blazer,quan_tay
ngam,mat,nu,di_hoc,sporty,ao_thun,hoodie,quan_ni
trang,mat,nu,di_choi,sporty,tank_top,ao_khoac,quan_ni
trang,lanh,nam,di_hoc,toi_gian,ao_len,ao_khoac,quan_ong_suong
vang,nong,nu,di_choi,sporty,tank_top,cardigan,quan_ni
trang,lanh,nu,di_choi,sporty,ao_thun,ao_khoac,quan_ong_suong
trang,lanh,nu,di_choi,toi_gian,ao_len,ao_khoac,jeans
vang,mat,nam,di_choi,streetwear,ao_thun,ao_khoac,jeans
ngam,nong,nu,di_choi,lich_su,so_mi,khong_co,chan_vay
trang,lanh,nam,di_choi,streetwear,ao_len,ao_khoac,jeans
trang,lanh,nu,di_hoc,sporty,ao_thun,ao_khoac,jeans
ngam,lanh,nu,di_choi,toi_gian,ao_len,ao_khoac,jeans
vang,mat,nam,di_lam,lich_su,so_mi,blazer,quan_tay
vang,lanh,nam,di_hoc,sporty,ao_thun,ao_khoac,quan_ong_suong
vang,mat,nu,di_lam,lich_su,so_mi,blazer,chan_vay
trang,lanh,nu,di_choi,lich_su,ao_len,blazer,chan_vay
ngam,nong,nu,di_choi,sporty,tank_top,khong_co,short
trang,lanh,nu,di_choi,streetwear,crop_top,ao_khoac,jeans
ngam,nong,nam,di_choi,lich_su,so_mi,khong_co,quan_tay
vang,mat,nu,di_choi,streetwear,crop_top,ao_khoac,jeans
vang,nong,nu,di_hoc,toi_gian,ao_thun,ao_chong_nang,quan_ni
trang,nong,nam,di_hoc,han_quoc,ao_thun,khong_co,jeans
trang,mat,nu,di_choi,toi_gian,ao_thun,ao_khoac,short
vang,nong,nam,di_choi,lich_su,so_mi,khong_co,quan_tay
vang,mat,nu,di_lam,lich_su,so_mi,blazer,chan_vay
vang,mat,nu,di_choi,han_quoc,ao_len,ao_khoac,chan_vay
trang,mat,nu,di_lam,lich_su,so_mi,blazer,chan_vay
ngam,mat,nu,di_choi,han_quoc,ao_len,ao_khoac,chan_vay
vang,nong,nam,di_choi,toi_gian,ao_thun,khong_co,jeans
vang,lanh,nu,di_choi,streetwear,crop_top,ao_khoac,jeans
trang,mat,nu,di_hoc,han_quoc,ao_len,ao_khoac,quan_tay
vang,nong,nu,di_lam,toi_gian,ao_thun,cardigan,quan_tay
ngam,mat,nam,di_choi,streetwear,ao_thun,ao_khoac,jeans
trang,nong,nu,di_lam,lich_su,so_mi,cardigan,chan_vay
ngam,mat,nam,di_choi,lich_su,so_mi,blazer,quan_tay
trang,mat,nam,di_hoc,sporty,ao_thun,hoodie,kaki
ngam,nong,nam,di_lam,lich_su,so_mi,ao_khoac,quan_tay
vang,mat,nu,di_hoc,sporty,ao_thun,hoodie,quan_ni
ngam,mat,nam,di_choi,toi_gian,ao_thun,ao_khoac,jeans
trang,nong,nu,di_choi,streetwear,ao_thun,khong_co,short
trang,mat,nam,di_choi,sporty,ao_thun,ao_khoac,quan_ong_suong
ngam,nong,nu,di_hoc,streetwear,crop_top,ao_khoac,jeans
trang,nong,nam,di_hoc,sporty,ao_thun,khong_co,kaki
ngam,nong,nam,di_choi,toi_gian,ao_thun,khong_co,jeans
vang,mat,nu,di_lam,lich_su,ao_thun,blazer,quan_tay
trang,mat,nam,di_choi,han_quoc,ao_len,ao_khoac,kaki
vang,mat,nam,di_choi,sporty,ao_thun,ao_khoac,quan_ong_suong
vang,lanh,nu,di_lam,han_quoc,ao_len,ao_khoac,chan_vay
trang,mat,nu,di_lam,toi_gian,so_mi,blazer,quan_tay
ngam,mat,nam,di_lam,toi_gian,so_mi,blazer,quan_tay
vang,nong,nu,di_hoc,toi_gian,ao_thun,ao_chong_nang,quan_ni
ngam,mat,nam,di_choi,sporty,ao_thun,ao_khoac,quan_ong_suong
trang,lanh,nam,di_choi,han_quoc,ao_len,ao_khoac,kaki
ngam,lanh,nam,di_choi,han_quoc,ao_len,ao_khoac,kaki
trang,mat,nam,di_hoc,lich_su,so_mi,blazer,quan_tay
ngam,mat,nam,di_choi,toi_gian,ao_thun,ao_khoac,jeans
vang,mat,nam,di_choi,han_quoc,ao_len,ao_khoac,kaki
ngam,mat,nam,di_hoc,lich_su,so_mi,blazer,quan_tay
trang,nong,nam,di_hoc,han_quoc,ao_thun,khong_co,jeans
ngam,nong,nam,di_choi,han_quoc,ao_thun,khong_co,kaki
vang,mat,nu,di_choi,toi_gian,ao_thun,ao_khoac,short
trang,lanh,nu,di_choi,streetwear,crop_top,ao_khoac,jeans
vang,mat,nu,di_lam,han_quoc,ao_len,blazer,chan_vay
vang,mat,nu,di_lam,lich_su,so_mi,blazer,chan_vay
ngam,lanh,nu,di_choi,toi_gian,ao_len,ao_khoac,jeans
vang,lanh,nu,di_lam,han_quoc,ao_len,ao_khoac,chan_vay
vang,mat,nu,di_choi,toi_gian,ao_thun,ao_khoac,short
vang,nong,nu,di_choi,toi_gian,ao_thun,khong_co,short
vang,mat,nam,di_choi,streetwear,ao_thun,ao_khoac,jeans
vang,mat,nu,di_lam,han_quoc,ao_len,blazer,chan_vay
ngam,mat,nu,di_hoc,lich_su,so_mi,blazer,quan_tay
trang,nong,nam,di_choi,toi_gian,ao_thun,khong_co,jeans
trang,lanh,nam,di_choi,streetwear,ao_len,ao_khoac,jeans
vang,mat,nu,di_choi,toi_gian,ao_thun,ao_khoac,short
vang,nong,nu,di_choi,toi_gian,ao_thun,khong_co,short
vang,lanh,nam,di_choi,lich_su,ao_len,blazer,quan_tay
trang,mat,nu,di_hoc,toi_gian,ao_thun,hoodie,quan_ni
ngam,mat,nu,di_hoc,streetwear,ao_thun,hoodie,jeans
vang,lanh,nu,di_choi,sporty,ao_thun,ao_khoac,quan_ong_suong
ngam,nong,nu,di_hoc,toi_gian,ao_thun,ao_chong_nang,quan_ni
ngam,lanh,nu,di_lam,han_quoc,ao_len,ao_khoac,chan_vay
vang,lanh,nam,di_hoc,toi_gian,ao_len,ao_khoac,quan_ong_suong
ngam,mat,nu,di_choi,toi_gian,ao_thun,ao_khoac,short
trang,lanh,nam,di_hoc,streetwear,ao_thun,ao_khoac,jeans
vang,lanh,nam,di_choi,sporty,ao_thun,ao_khoac,quan_ong_suong
trang,lanh,nu,di_hoc,streetwear,ao_thun,ao_khoac,jeans
vang,mat,nu,di_choi,streetwear,crop_top,ao_khoac,jeans
ngam,mat,nam,di_choi,han_quoc,ao_len,ao_khoac,kaki
trang,nong,nam,di_hoc,streetwear,ao_thun,khong_co,quan_ni
ngam,lanh,nam,di_choi,streetwear,ao_len,ao_khoac,jeans
vang,mat,nu,di_hoc,lich_su,so_mi,blazer,quan_tay
trang,nong,nu,di_choi,han_quoc,ao_thun,cardigan,chan_vay
trang,nong,nam,di_lam,lich_su,so_mi,khong_co,quan_tay
vang,lanh,nam,di_choi,lich_su,ao_len,blazer,quan_tay
ngam,mat,nu,di_lam,han_quoc,ao_len,blazer,chan_vay
vang,nong,nam,di_choi,lich_su,so_mi,khong_co,quan_tay
ngam,lanh,nu,di_choi,toi_gian,ao_len,ao_khoac,jeans
ngam,nong,nam,di_choi,han_quoc,ao_thun,khong_co,kaki
vang,nong,nu,di_lam,lich_su,so_mi,cardigan,chan_vay
ngam,nong,nam,di_hoc,sporty,ao_thun,khong_co,kaki
trang,nong,nam,di_choi,streetwear,ao_thun,khong_co,jeans
ngam,nong,nam,di_choi,han_quoc,ao_thun,khong_co,kaki
ngam,nong,nu,di_choi,han_quoc,ao_thun,cardigan,chan_vay
vang,lanh,nu,di_hoc,han_quoc,ao_len,ao_khoac,quan_tay
vang,nong,nu,di_choi,streetwear,ao_thun,khong_co,short
vang,lanh,nam,di_choi,han_quoc,ao_len,ao_khoac,kaki
trang,lanh,nu,di_choi,lich_su,ao_len,blazer,chan_vay
trang,nong,nam,di_hoc,han_quoc,ao_thun,khong_co,jeans
vang,mat,nam,di_choi,sporty,ao_thun,ao_khoac,quan_ong_suong
trang,nong,nam,di_choi,lich_su,so_mi,khong_co,quan_tay
vang,nong,nu,di_hoc,han_quoc,ao_thun,khong_co,quan_tay
ngam,mat,nu,di_hoc,streetwear,ao_thun,hoodie,jeans
trang,nong,nu,di_choi,sporty,tank_top,khong_co,short
trang,nong,nu,di_choi,han_quoc,ao_thun,cardigan,chan_vay
vang,nong,nam,di_hoc,toi_gian,ao_thun,khong_co,quan_ong_suong
vang,mat,nu,di_choi,lich_su,so_mi,blazer,chan_vay
vang,mat,nu,di_choi,streetwear,crop_top,ao_khoac,jeans
vang,lanh,nu,di_hoc,toi_gian,ao_len,ao_khoac,quan_ni
vang,lanh,nu,di_choi,streetwear,crop_top,ao_khoac,jeans
vang,mat,nu,di_choi,sporty,tank_top,ao_khoac,quan_ni
ngam,mat,nam,di_hoc,toi_gian,ao_thun,hoodie,quan_ong_suong
trang,nong,nam,di_hoc,toi_gian,ao_thun,khong_co,quan_ong_suong
ngam,mat,nu,di_choi,streetwear,crop_top,ao_khoac,jeans
ngam,lanh,nam,di_hoc,sporty,ao_thun,ao_khoac,quan_ong_suong
vang,lanh,nu,di_lam,lich_su,ao_len,blazer,quan_tay
ngam,lanh,nam,di_choi,toi_gian,ao_len,ao_khoac,jeans
trang,mat,nu,di_choi,sporty,tank_top,ao_khoac,quan_ni
vang,nong,nam,di_hoc,han_quoc,ao_thun,khong_co,jeans
vang,lanh,nu,di_lam,toi_gian,ao_len,ao_khoac,quan_tay
vang,mat,nam,di_hoc,toi_gian,ao_thun,hoodie,quan_ong_suong
vang,nong,nam,di_choi,toi_gian,ao_thun,khong_co,jeans
ngam,nong,nam,di_choi,sporty,ao_thun,khong_co,short
trang,lanh,nu,di_hoc,toi_gian,ao_len,ao_khoac,quan_ni
ngam,mat,nu,di_hoc,lich_su,so_mi,blazer,quan_tay
ngam,nong,nu,di_lam,lich_su,so_mi,cardigan,chan_vay
ngam,lanh,nu,di_choi,toi_gian,ao_len,ao_khoac,jeans
vang,lanh,nam,di_hoc,streetwear,ao_thun,ao_khoac,jeans
trang,nong,nam,di_hoc,streetwear,ao_thun,khong_co,quan_ni
ngam,mat,nu,di_hoc,han_quoc,ao_len,ao_khoac,quan_tay
vang,mat,nam,di_choi,lich_su,so_mi,blazer,quan_tay
vang,mat,nu,di_choi,han_quoc,ao_len,ao_khoac,chan_vay
ngam,nong,nam,di_lam,lich_su,so_mi,ao_khoac,quan_tay
trang,lanh,nu,di_hoc,han_quoc,ao_len,ao_khoac,quan_tay
vang,nong,nu,di_hoc,toi_gian,ao_thun,khong_co,quan_ni
trang,nong,nu,di_hoc,toi_gian,ao_thun,khong_co,quan_ni
vang,lanh,nam,di_choi,lich_su,ao_len,blazer,quan_tay
vang,nong,nu,di_lam,toi_gian,ao_thun,cardigan,quan_tay
trang,nong,nu,di_choi,lich_su,so_mi,khong_co,chan_vay
ngam,mat,nu,di_choi,han_quoc,ao_len,ao_khoac,chan_vay
vang,nong,nam,di_choi,sporty,ao_thun,khong_co,short
vang,mat,nam,di_choi,streetwear,ao_thun,ao_khoac,jeans
vang,nong,nam,di_choi,lich_su,so_mi,khong_co,quan_tay
ngam,nong,nam,di_hoc,sporty,ao_thun,khong_co,kaki
ngam,lanh,nam,di_choi,han_quoc,ao_len,ao_khoac,kaki
vang,mat,nam,di_hoc,streetwear,ao_thun,hoodie,jeans
ngam,nong,nam,di_lam,toi_gian,so_mi,khong_co,quan_tay
vang,mat,nu,di_lam,lich_su,ao_thun,blazer,quan_tay
trang,nong,nu,di_choi,lich_su,so_mi,khong_co,chan_vay
vang,nong,nam,di_hoc,sporty,ao_thun,khong_co,kaki
vang,lanh,nam,di_lam,lich_su,ao_len,blazer,quan_tay
vang,nong,nu,di_choi,sporty,tank_top,cardigan,quan_ni
vang,mat,nam,di_lam,lich_su,so_mi,blazer,quan_tay
trang,mat,nu,di_choi,sporty,tank_top,ao_khoac,quan_ni
ngam,lanh,nam,di_lam,lich_su,ao_len,blazer,quan_tay
vang,lanh,nam,di_hoc,sporty,ao_thun,ao_khoac,quan_ong_suong
ngam,nong,nam,di_choi,sporty,ao_thun,khong_co,short
vang,nong,nu,di_choi,sporty,tank_top,khong_co,short
trang,mat,nam,di_hoc,toi_gian,ao_thun,hoodie,quan_ong_suong
ngam,nong,nu,di_hoc,streetwear,crop_top,ao_khoac,jeans
ngam,lanh,nu,di_choi,toi_gian,ao_len,ao_khoac,jeans
vang,nong,nu,di_choi,han_quoc,ao_thun,cardigan,chan_vay
vang,nong,nu,di_lam,toi_gian,so_mi,khong_co,quan_tay
vang,nong,nu,di_choi,toi_gian,ao_thun,khong_co,short
ngam,mat,nam,di_lam,lich_su,so_mi,blazer,quan_tay
trang,lanh,nu,di_choi,streetwear,crop_top,ao_khoac,jeans
ngam,nong,nu,di_hoc,streetwear,crop_top,khong_co,jeans
ngam,lanh,nam,di_lam,toi_gian,ao_len,ao_khoac,quan_tay
ngam,lanh,nam,di_lam,lich_su,ao_len,blazer,quan_tay
vang,mat,nam,di_hoc,lich_su,so_mi,blazer,quan_tay
trang,nong,nam,di_lam,lich_su,so_mi,khong_co,quan_tay
trang,mat,nam,di_choi,han_quoc,ao_len,ao_khoac,kaki
trang,nong,nu,di_lam,toi_gian,so_mi,khong_co,quan_tay
vang,lanh,nam,di_hoc,toi_gian,ao_len,ao_khoac,quan_ong_suong
vang,mat,nu,di_lam,lich_su,so_mi,blazer,chan_vay
vang,mat,nam,di_choi,sporty,ao_thun,ao_khoac,quan_ong_suong
vang,mat,nam,di_hoc,sporty,ao_thun,hoodie,kaki
ngam,mat,nam,di_hoc,lich_su,so_mi,blazer,quan_tay
trang,mat,nu,di_choi,lich_su,so_mi,blazer,chan_vay
trang,mat,nu,di_choi,toi_gian,ao_thun,ao_khoac,short
vang,nong,nam,di_choi,han_quoc,ao_thun,khong_co,kaki
ngam,mat,nu,di_choi,toi_gian,ao_thun,ao_khoac,short
trang,mat,nam,di_lam,toi_gian,so_mi,blazer,quan_tay
vang,mat,nam,di_hoc,sporty,ao_thun,hoodie,kaki
trang,mat,nam,di_hoc,toi_gian,ao_thun,hoodie,quan_ong_suong
trang,nong,nam,di_hoc,han_quoc,ao_thun,khong_co,jeans
trang,mat,nu,di_hoc,lich_su,so_mi,blazer,quan_tay
vang,nong,nu,di_hoc,toi_gian,ao_thun,khong_co,quan_ni
ngam,mat,nu,di_hoc,sporty,ao_thun,hoodie,quan_ni
ngam,lanh,nu,di_choi,lich_su,ao_len,blazer,chan_vay
vang,mat,nam,di_hoc,lich_su,so_mi,blazer,quan_tay
vang,mat,nam,di_hoc,lich_su,so_mi,blazer,quan_tay
trang,nong,nu,di_hoc,han_quoc,ao_thun,khong_co,quan_tay
ngam,nong,nam,di_hoc,toi_gian,ao_thun,ao_khoac,quan_ong_suong
vang,nong,nu,di_choi,streetwear,ao_thun,khong_co,short
trang,nong,nam,di_hoc,streetwear,ao_thun,khong_co,quan_ni
trang,nong,nam,di_choi,lich_su,so_mi,khong_co,quan_tay
ngam,mat,nam,di_hoc,streetwear,ao_thun,hoodie,jeans
vang,mat,nu,di_choi,toi_gian,ao_thun,ao_khoac,short
ngam,nong,nu,di_choi,sporty,tank_top,khong_co,short
ngam,nong,nam,di_choi,han_quoc,ao_thun,khong_co,kaki
vang,lanh,nu,di_lam,toi_gian,ao_len,ao_khoac,quan_tay
trang,nong,nam,di_hoc,han_quoc,ao_thun,khong_co,jeans
vang,mat,nu,di_hoc,lich_su,so_mi,blazer,quan_tay
trang,nong,nam,di_hoc,han_quoc,ao_thun,khong_co,jeans
vang,mat,nu,di_hoc,lich_su,so_mi,blazer,quan_tay
ngam,mat,nu,di_hoc,streetwear,ao_thun,hoodie,jeans
ngam,lanh,nu,di_choi,sporty,ao_thun,ao_khoac,quan_ong_suong
ngam,lanh,nu,di_hoc,han_quoc,ao_len,ao_khoac,quan_tay
ngam,lanh,nam,di_choi,lich_su,ao_len,blazer,quan_tay
vang,nong,nam,di_hoc,streetwear,ao_thun,khong_co,quan_ni
ngam,mat,nu,di_lam,toi_gian,so_mi,blazer,quan_tay
ngam,nong,nam,di_lam,toi_gian,so_mi,khong_co,quan_tay
ngam,nong,nam,di_lam,lich_su,so_mi,khong_co,quan_tay
vang,lanh,nu,di_choi,sporty,ao_thun,ao_khoac,quan_ong_suong
trang,lanh,nu,di_choi,han_quoc,ao_len,ao_khoac,chan_vay
vang,nong,nu,di_hoc,sporty,ao_thun,khong_co,quan_ni
ngam,lanh,nu,di_choi,lich_su,ao_len,blazer,chan_vay
trang,nong,nu,di_lam,lich_su,so_mi,cardigan,chan_vay
ngam,nong,nam,di_choi,streetwear,ao_thun,khong_co,jeans
vang,nong,nu,di_choi,toi_gian,ao_thun,khong_co,short
vang,nong,nu,di_hoc,han_quoc,ao_thun,khong_co,quan_tay
trang,nong,nam,di_lam,lich_su,so_mi,khong_co,quan_tay
trang,mat,nam,di_choi,han_quoc,ao_len,ao_khoac,kaki
trang,lanh,nam,di_hoc,sporty,ao_thun,ao_khoac,quan_ong_suong
vang,nong,nam,di_hoc,toi_gian,ao_thun,khong_co,quan_ong_suong
trang,nong,nam,di_hoc,toi_gian,ao_thun,ao_khoac,quan_ong_suong
vang,lanh,nam,di_lam,toi_gian,ao_len,ao_khoac,quan_tay
ngam,lanh,nu,di_hoc,toi_gian,ao_len,ao_khoac,quan_ni
trang,mat,nu,di_choi,streetwear,crop_top,ao_khoac,jeans
trang,lanh,nu,di_hoc,streetwear,ao_thun,ao_khoac,jeans
vang,nong,nu,di_hoc,toi_gian,ao_thun,ao_chong_nang,quan_ni
trang,mat,nam,di_lam,toi_gian,so_mi,blazer,quan_tay
trang,nong,nu,di_hoc,sporty,ao_thun,khong_co,quan_ni
trang,mat,nam,di_hoc,streetwear,ao_thun,hoodie,jeans
trang,nong,nu,di_hoc,toi_gian,ao_thun,khong_co,quan_ni
trang,nong,nam,di_hoc,streetwear,ao_thun,khong_co,quan_ni
vang,lanh,nu,di_lam,toi_gian,ao_len,ao_khoac,quan_tay
trang,mat,nu,di_choi,toi_gian,ao_thun,ao_khoac,short
ngam,mat,nam,di_hoc,lich_su,so_mi,blazer,quan_tay
ngam,lanh,nu,di_lam,toi_gian,ao_len,ao_khoac,quan_tay
ngam,lanh,nu,di_hoc,sporty,ao_thun,ao_khoac,jeans
vang,nong,nam,di_lam,lich_su,so_mi,khong_co,quan_tay
trang,lanh,nam,di_choi,toi_gian,ao_len,ao_khoac,jeans
trang,nong,nu,di_lam,lich_su,so_mi,cardigan,chan_vay
vang,nong,nu,di_choi,toi_gian,ao_thun,khong_co,short
trang,lanh,nu,di_hoc,han_quoc,ao_len,ao_khoac,quan_tay
ngam,nong,nam,di_lam,toi_gian,so_mi,ao_khoac,quan_tay
ngam,nong,nam,di_hoc,streetwear,ao_thun,khong_co,quan_ni
ngam,nong,nam,di_choi,sporty,ao_thun,khong_co,short
vang,mat,nu,di_hoc,lich_su,so_mi,blazer,quan_tay
vang,mat,nu,di_lam,toi_gian,so_mi,blazer,quan_tay
vang,lanh,nam,di_choi,han_quoc,ao_len,ao_khoac,kaki
trang,mat,nu,di_lam,lich_su,ao_thun,blazer,quan_tay
vang,mat,nam,di_hoc,toi_gian,ao_thun,hoodie,quan_ong_suong
vang,nong,nam,di_hoc,toi_gian,ao_thun,ao_khoac,quan_ong_suong
ngam,nong,nu,di_hoc,sporty,ao_thun,khong_co,quan_ni
trang,lanh,nam,di_choi,toi_gian,ao_len,ao_khoac,jeans
vang,mat,nu,di_lam,toi_gian,so_mi,blazer,quan_tay
ngam,mat,nam,di_hoc,sporty,ao_thun,hoodie,kaki
ngam,nong,nu,di_choi,lich_su,so_mi,khong_co,chan_vay
ngam,mat,nam,di_hoc,lich_su,so_mi,blazer,quan_tay
ngam,mat,nam,di_choi,toi_gian,ao_thun,ao_khoac,jeans
trang,nong,nu,di_hoc,toi_gian,ao_thun,ao_chong_nang,quan_ni
trang,nong,nam,di_lam,lich_su,so_mi,ao_khoac,quan_tay
vang,lanh,nam,di_lam,lich_su,ao_len,blazer,quan_tay
trang,mat,nam,di_choi,sporty,ao_thun,ao_khoac,quan_ong_suong
ngam,mat,nu,di_lam,han_quoc,ao_len,blazer,chan_vay
ngam,lanh,nam,di_choi,sporty,ao_thun,ao_khoac,quan_ong_suong
trang,lanh,nam,di_choi,han_quoc,ao_len,ao_khoac,kaki
trang,nong,nu,di_lam,toi_gian,so_mi,khong_co,quan_tay
trang,nong,nam,di_choi,han_quoc,ao_thun,khong_co,kaki
vang,nong,nu,di_lam,lich_su,so_mi,cardigan,chan_vay
vang,mat,nu,di_hoc,sporty,ao_thun,hoodie,quan_ni
vang,nong,nam,di_lam,lich_su,so_mi,khong_co,quan_tay
trang,nong,nam,di_lam,lich_su,so_mi,ao_khoac,quan_tay
ngam,mat,nam,di_choi,lich_su,so_mi,blazer,quan_tay
vang,lanh,nam,di_choi,han_quoc,ao_len,ao_khoac,kaki
trang,nong,nu,di_hoc,sporty,ao_thun,khong_co,quan_ni
vang,nong,nu,di_hoc,han_quoc,ao_thun,khong_co,quan_tay
vang,lanh,nu,di_lam,toi_gian,ao_len,ao_khoac,quan_tay
trang,nong,nu,di_hoc,toi_gian,ao_thun,khong_co,quan_ni
ngam,nong,nam,di_hoc,sporty,ao_thun,khong_co,kaki
vang,lanh,nam,di_hoc,toi_gian,ao_len,ao_khoac,quan_ong_suong
trang,nong,nam,di_hoc,toi_gian,ao_thun,khong_co,quan_ong_suong
vang,lanh,nam,di_choi,sporty,ao_thun,ao_khoac,quan_ong_suong
trang,mat,nu,di_choi,toi_gian,ao_thun,ao_khoac,short
vang,nong,nu,di_choi,han_quoc,ao_thun,cardigan,chan_vay
ngam,mat,nu,di_lam,toi_gian,so_mi,blazer,quan_tay
ngam,nong,nu,di_choi,sporty,tank_top,cardigan,quan_ni
vang,nong,nu,di_choi,streetwear,ao_thun,khong_co,short
trang,nong,nam,di_hoc,han_quoc,ao_thun,khong_co,jeans
trang,nong,nu,di_choi,sporty,tank_top,khong_co,short
trang,nong,nu,di_hoc,han_quoc,ao_thun,khong_co,quan_tay
trang,mat,nu,di_hoc,lich_su,so_mi,blazer,quan_tay
trang,mat,nam,di_choi,sporty,ao_thun,ao_khoac,quan_ong_suong
ngam,nong,nam,di_hoc,han_quoc,ao_thun,khong_co,jeans
ngam,mat,nam,di_lam,toi_gian,so_mi,blazer,quan_tay
trang,mat,nam,di_hoc,lich_su,so_mi,blazer,quan_tay
vang,nong,nam,di_choi,han_quoc,ao_thun,khong_co,kaki
trang,mat,nam,di_hoc,han_quoc,ao_len,ao_khoac,jeans
vang,nong,nam,di_lam,lich_su,so_mi,khong_co,quan_tay
ngam,mat,nam,di_lam,lich_su,so_mi,blazer,quan_tay
vang,lanh,nam,di_hoc,sporty,ao_thun,ao_khoac,quan_ong_suong
trang,lanh,nu,di_lam,toi_gian,ao_len,ao_khoac,quan_tay
vang,mat,nam,di_hoc,lich_su,so_mi,blazer,quan_tay
ngam,lanh,nu,di_hoc,streetwear,ao_thun,ao_khoac,jeans
vang,nong,nam,di_hoc,han_quoc,ao_thun,khong_co,jeans
trang,nong,nam,di_choi,han_quoc,ao_thun,khong_co,kaki
vang,nong,nu,di_hoc,streetwear,crop_top,khong_co,jeans
ngam,nong,nu,di_hoc,toi_gian,ao_thun,khong_co,quan_ni
ngam,mat,nu,di_lam,lich_su,so_mi,blazer,chan_vay
ngam,nong,nu,di_hoc,toi_gian,ao_thun,khong_co,quan_ni
ngam,mat,nu,di_hoc,toi_gian,ao_thun,hoodie,quan_ni
trang,nong,nu,di_hoc,sporty,ao_thun,khong_co,quan_ni
trang,nong,nu,di_lam,toi_gian,ao_thun,cardigan,quan_tay
vang,mat,nu,di_choi,sporty,tank_top,ao_khoac,quan_ni
ngam,mat,nam,di_hoc,sporty,ao_thun,hoodie,kaki
trang,lanh,nam,di_choi,lich_su,ao_len,blazer,quan_tay
trang,nong,nam,di_lam,toi_gian,so_mi,khong_co,quan_tay
vang,nong,nu,di_choi,sporty,tank_top,khong_co,short
trang,nong,nu,di_choi,sporty,tank_top,cardigan,quan_ni
vang,lanh,nu,di_choi,streetwear,crop_top,ao_khoac,jeans
vang,lanh,nu,di_lam,lich_su,ao_len,blazer,quan_tay
vang,nong,nam,di_choi,han_quoc,ao_thun,khong_co,kaki
vang,mat,nu,di_lam,lich_su,ao_thun,blazer,quan_tay
trang,nong,nam,di_hoc,toi_gian,ao_thun,khong_co,quan_ong_suong
ngam,nong,nu,di_hoc,toi_gian,ao_thun,khong_co,quan_ni
trang,nong,nam,di_hoc,sporty,ao_thun,khong_co,kaki
vang,nong,nam,di_hoc,toi_gian,ao_thun,ao_khoac,quan_ong_suong
ngam,lanh,nu,di_hoc,toi_gian,ao_len,ao_khoac,quan_ni
vang,mat,nam,di_hoc,streetwear,ao_thun,hoodie,jeans
vang,lanh,nam,di_choi,streetwear,ao_len,ao_khoac,jeans
vang,lanh,nam,di_hoc,streetwear,ao_thun,ao_khoac,jeans
ngam,mat,nam,di_choi,han_quoc,ao_len,ao_khoac,kaki
trang,mat,nu,di_hoc,lich_su,so_mi,blazer,quan_tay
trang,mat,nu,di_hoc,toi_gian,ao_thun,hoodie,quan_ni
trang,nong,nam,di_choi,toi_gian,ao_thun,khong_co,jeans
ngam,lanh,nam,di_choi,han_quoc,ao_len,ao_khoac,kaki
vang,lanh,nam,di_hoc,toi_gian,ao_len,ao_khoac,quan_ong_suong
ngam,mat,nu,di_choi,lich_su,so_mi,blazer,chan_vay
ngam,nong,nu,di_choi,han_quoc,ao_thun,cardigan,chan_vay
vang,lanh,nu,di_hoc,han_quoc,ao_len,ao_khoac,quan_tay
ngam,mat,nu,di_choi,toi_gian,ao_thun,ao_khoac,short
trang,mat,nam,di_hoc,sporty,ao_thun,hoodie,kaki
vang,mat,nu,di_choi,toi_gian,ao_thun,ao_khoac,short
vang,nong,nam,di_hoc,streetwear,ao_thun,khong_co,quan_ni
vang,nong,nam,di_choi,streetwear,ao_thun,khong_co,jeans
vang,lanh,nu,di_choi,lich_su,ao_len,blazer,chan_vay
ngam,mat,nam,di_choi,streetwear,ao_thun,ao_khoac,jeans
trang,nong,nam,di_lam,lich_su,so_mi,ao_khoac,quan_tay
vang,mat,nam,di_choi,lich_su,so_mi,blazer,quan_tay
ngam,lanh,nu,di_lam,toi_gian,ao_len,ao_khoac,quan_tay
ngam,lanh,nam,di_choi,han_quoc,ao_len,ao_khoac,kaki
ngam,lanh,nu,di_lam,toi_gian,ao_len,ao_khoac,quan_tay
vang,mat,nu,di_choi,sporty,tank_top,ao_khoac,quan_ni
trang,mat,nu,di_hoc,sporty,ao_thun,hoodie,quan_ni
vang,nong,nam,di_hoc,han_quoc,ao_thun,khong_co,jeans
vang,mat,nu,di_hoc,sporty,ao_thun,hoodie,quan_ni
vang,mat,nu,di_lam,lich_su,ao_thun,blazer,quan_tay
trang,lanh,nam,di_choi,sporty,ao_thun,ao_khoac,quan_ong_suong
vang,nong,nam,di_lam,lich_su,so_mi,ao_khoac,quan_tay
trang,mat,nam,di_hoc,toi_gian,ao_thun,hoodie,quan_ong_suong
ngam,mat,nu,di_hoc,toi_gian,ao_thun,hoodie,quan_ni
trang,nong,nam,di_choi,sporty,ao_thun,khong_co,short
ngam,nong,nu,di_choi,han_quoc,ao_thun,cardigan,chan_vay
ngam,lanh,nu,di_choi,lich_su,ao_len,blazer,chan_vay
vang,mat,nam,di_choi,lich_su,so_mi,blazer,quan_tay
vang,lanh,nam,di_choi,streetwear,ao_len,ao_khoac,jeans
trang,mat,nu,di_hoc,toi_gian,ao_thun,hoodie,quan_ni
trang,mat,nam,di_lam,toi_gian,so_mi,blazer,quan_tay
ngam,nong,nam,di_choi,streetwear,ao_thun,khong_co,jeans
ngam,nong,nu,di_lam,lich_su,so_mi,cardigan,chan_vay
trang,lanh,nam,di_choi,lich_su,ao_len,blazer,quan_tay
ngam,nong,nam,di_lam,lich_su,so_mi,khong_co,quan_tay
vang,mat,nu,di_hoc,streetwear,ao_thun,hoodie,jeans
ngam,mat,nam,di_lam,toi_gian,so_mi,blazer,quan_tay
ngam,mat,nam,di_lam,toi_gian,so_mi,blazer,quan_tay
vang,nong,nu,di_lam,toi_gian,ao_thun,cardigan,quan_tay
trang,nong,nam,di_lam,lich_su,so_mi,ao_khoac,quan_tay
ngam,nong,nu,di_hoc,streetwear,crop_top,khong_co,jeans
vang,lanh,nam,di_choi,sporty,ao_thun,ao_khoac,quan_ong_suong
vang,mat,nam,di_choi,streetwear,ao_thun,ao_khoac,jeans
trang,nong,nam,di_choi,han_quoc,ao_thun,khong_co,kaki
ngam,nong,nam,di_hoc,han_quoc,ao_thun,khong_co,jeans
vang,lanh,nam,di_hoc,streetwear,ao_thun,ao_khoac,jeans
trang,lanh,nam,di_lam,lich_su,ao_len,blazer,quan_tay
ngam,nong,nam,di_hoc,toi_gian,ao_thun,ao_khoac,quan_ong_suong
ngam,nong,nu,di_choi,toi_gian,ao_thun,khong_co,short
ngam,nong,nam,di_hoc,streetwear,ao_thun,khong_co,quan_ni
ngam,mat,nam,di_hoc,sporty,ao_thun,hoodie,kaki
vang,mat,nam,di_choi,sporty,ao_thun,ao_khoac,quan_ong_suong
trang,mat,nam,di_hoc,streetwear,ao_thun,hoodie,jeans
vang,lanh,nam,di_choi,lich_su,ao_len,blazer,quan_tay
trang,lanh,nam,di_choi,streetwear,ao_len,ao_khoac,jeans
trang,nong,nam,di_hoc,streetwear,ao_thun,khong_co,quan_ni
vang,nong,nu,di_lam,toi_gian,so_mi,khong_co,quan_tay
vang,lanh,nam,di_choi,han_quoc,ao_len,ao_khoac,kaki
trang,lanh,nu,di_lam,lich_su,ao_len,blazer,quan_tay
vang,mat,nu,di_choi,lich_su,so_mi,blazer,chan_vay
ngam,nong,nam,di_hoc,toi_gian,ao_thun,ao_khoac,quan_ong_suong
trang,nong,nu,di_hoc,toi_gian,ao_thun,khong_co,quan_ni
vang,lanh,nu,di_hoc,toi_gian,ao_len,ao_khoac,quan_ni
trang,nong,nam,di_hoc,toi_gian,ao_thun,ao_khoac,quan_ong_suong
vang,lanh,nu,di_hoc,toi_gian,ao_len,ao_khoac,quan_ni
ngam,mat,nam,di_lam,lich_su,so_mi,blazer,quan_tay
trang,mat,nam,di_hoc,lich_su,so_mi,blazer,quan_tay
vang,nong,nu,di_hoc,toi_gian,ao_thun,ao_chong_nang,quan_ni
vang,mat,nam,di_hoc,streetwear,ao_thun,hoodie,jeans
vang,mat,nam,di_choi,toi_gian,ao_thun,ao_khoac,jeans
trang,mat,nu,di_lam,lich_su,so_mi,blazer,chan_vay
vang,mat,nam,di_choi,han_quoc,ao_len,ao_khoac,kaki
vang,lanh,nam,di_choi,toi_gian,ao_len,ao_khoac,jeans
ngam,nong,nam,di_choi,lich_su,so_mi,khong_co,quan_tay
vang,nong,nu,di_choi,sporty,tank_top,cardigan,quan_ni
ngam,mat,nam,di_hoc,sporty,ao_thun,hoodie,kaki
vang,lanh,nam,di_lam,toi_gian,ao_len,ao_khoac,quan_tay
trang,mat,nu,di_choi,han_quoc,ao_len,ao_khoac,chan_vay
ngam,nong,nam,di_lam,lich_su,so_mi,ao_khoac,quan_tay
ngam,mat,nam,di_choi,sporty,ao_thun,ao_khoac,quan_ong_suong
trang,mat,nu,di_hoc,toi_gian,ao_thun,hoodie,quan_ni
vang,nong,nu,di_hoc,toi_gian,ao_thun,ao_chong_nang,quan_ni
vang,nong,nu,di_choi,sporty,tank_top,khong_co,short
ngam,lanh,nu,di_choi,han_quoc,ao_len,ao_khoac,chan_vay
vang,lanh,nam,di_hoc,streetwear,ao_thun,ao_khoac,jeans
trang,nong,nu,di_choi,streetwear,ao_thun,khong_co,short
ngam,mat,nu,di_lam,lich_su,ao_thun,blazer,quan_tay
vang,nong,nam,di_lam,lich_su,so_mi,ao_khoac,quan_tay
ngam,mat,nam,di_lam,lich_su,so_mi,blazer,quan_tay
ngam,mat,nu,di_choi,lich_su,so_mi,blazer,chan_vay
ngam,mat,nam,di_hoc,sporty,ao_thun,hoodie,kaki
trang,nong,nam,di_hoc,toi_gian,ao_thun,ao_khoac,quan_ong_suong
ngam,nong,nu,di_choi,sporty,tank_top,khong_co,short
vang,mat,nu,di_lam,toi_gian,so_mi,blazer,quan_tay
vang,nong,nam,di_choi,sporty,ao_thun,khong_co,short
vang,nong,nam,di_lam,toi_gian,so_mi,ao_khoac,quan_tay
ngam,nong,nu,di_choi,lich_su,so_mi,khong_co,chan_vay
ngam,nong,nu,di_hoc,toi_gian,ao_thun,ao_chong_nang,quan_ni
ngam,nong,nam,di_lam,lich_su,so_mi,khong_co,quan_tay
ngam,lanh,nu,di_lam,toi_gian,ao_len,ao_khoac,quan_tay
trang,nong,nam,di_lam,toi_gian,so_mi,ao_khoac,quan_tay
vang,nong,nu,di_lam,toi_gian,ao_thun,cardigan,quan_tay
ngam,lanh,nu,di_lam,han_quoc,ao_len,ao_khoac,chan_vay
ngam,nong,nu,di_hoc,toi_gian,ao_thun,khong_co,quan_ni
vang,nong,nam,di_choi,toi_gian,ao_thun,khong_co,jeans
vang,lanh,nam,di_hoc,streetwear,ao_thun,ao_khoac,jeans
vang,lanh,nu,di_lam,han_quoc,ao_len,ao_khoac,chan_vay
ngam,lanh,nam,di_choi,toi_gian,ao_len,ao_khoac,jeans
trang,mat,nu,di_choi,sporty,tank_top,ao_khoac,quan_ni
trang,lanh,nu,di_choi,han_quoc,ao_len,ao_khoac,chan_vay
trang,mat,nam,di_lam,lich_su,so_mi,blazer,quan_tay
trang,mat,nam,di_hoc,sporty,ao_thun,hoodie,kaki
vang,lanh,nu,di_choi,lich_su,ao_len,blazer,chan_vay
vang,lanh,nu,di_hoc,streetwear,ao_thun,ao_khoac,jeans
trang,lanh,nam,di_choi,toi_gian,ao_len,ao_khoac,jeans
ngam,nong,nam,di_choi,streetwear,ao_thun,khong_co,jeans
vang,nong,nam,di_choi,toi_gian,ao_thun,khong_co,jeans
ngam,nong,nu,di_choi,han_quoc,ao_thun,cardigan,chan_vay
ngam,mat,nu,di_hoc,toi_gian,ao_thun,hoodie,quan_ni
vang,nong,nam,di_lam,toi_gian,so_mi,ao_khoac,quan_tay
ngam,nong,nam,di_hoc,sporty,ao_thun,khong_co,kaki
trang,lanh,nam,di_lam,lich_su,ao_len,blazer,quan_tay
vang,nong,nu,di_hoc,sporty,ao_thun,khong_co,quan_ni
trang,nong,nam,di_choi,streetwear,ao_thun,khong_co,jeans
ngam,nong,nam,di_choi,han_quoc,ao_thun,khong_co,kaki
vang,nong,nu,di_hoc,streetwear,crop_top,ao_khoac,jeans
vang,nong,nu,di_lam,toi_gian,so_mi,khong_co,quan_tay
trang,nong,nam,di_hoc,han_quoc,ao_thun,khong_co,jeans
vang,mat,nu,di_lam,han_quoc,ao_len,blazer,chan_vay
trang,lanh,nam,di_hoc,streetwear,ao_thun,ao_khoac,jeans
vang,nong,nu,di_choi,streetwear,ao_thun,khong_co,short
vang,lanh,nu,di_lam,toi_gian,ao_len,ao_khoac,quan_tay
vang,mat,nam,di_hoc,han_quoc,ao_len,ao_khoac,jeans
vang,nong,nam,di_lam,toi_gian,so_mi,khong_co,quan_tay
ngam,mat,nu,di_hoc,han_quoc,ao_len,ao_khoac,quan_tay
trang,mat,nu,di_hoc,lich_su,so_mi,blazer,quan_tay
vang,lanh,nam,di_choi,lich_su,ao_len,blazer,quan_tay
ngam,lanh,nu,di_choi,han_quoc,ao_len,ao_khoac,chan_vay
ngam,lanh,nu,di_choi,lich_su,ao_len,blazer,chan_vay
ngam,mat,nu,di_lam,lich_su,so_mi,blazer,chan_vay
ngam,mat,nu,di_hoc,han_quoc,ao_len,ao_khoac,quan_tay
trang,mat,nam,di_hoc,toi_gian,ao_thun,hoodie,quan_ong_suong
trang,mat,nam,di_hoc,lich_su,so_mi,blazer,quan_tay
trang,nong,nu,di_choi,han_quoc,ao_thun,cardigan,chan_vay
vang,mat,nu,di_lam,han_quoc,ao_len,blazer,chan_vay
ngam,lanh,nu,di_choi,toi_gian,ao_len,ao_khoac,jeans
vang,mat,nam,di_hoc,han_quoc,ao_len,ao_khoac,jeans
ngam,lanh,nu,di_hoc,streetwear,ao_thun,ao_khoac,jeans
trang,mat,nam,di_lam,lich_su,so_mi,blazer,quan_tay
vang,lanh,nu,di_choi,streetwear,crop_top,ao_khoac,jeans
vang,mat,nu,di_hoc,toi_gian,ao_thun,hoodie,quan_ni
trang,lanh,nu,di_choi,streetwear,crop_top,ao_khoac,jeans
ngam,lanh,nu,di_hoc,toi_gian,ao_len,ao_khoac,quan_ni
trang,nong,nam,di_choi,sporty,ao_thun,khong_co,short
vang,lanh,nu,di_choi,lich_su,ao_len,blazer,chan_vay
trang,mat,nu,di_hoc,streetwear,ao_thun,hoodie,jeans
vang,mat,nu,di_lam,lich_su,ao_thun,blazer,quan_tay
vang,lanh,nu,di_lam,lich_su,ao_len,blazer,quan_tay
vang,mat,nu,di_lam,toi_gian,so_mi,blazer,quan_tay
ngam,nong,nu,di_hoc,toi_gian,ao_thun,ao_chong_nang,quan_ni
trang,nong,nam,di_choi,sporty,ao_thun,khong_co,short
vang,mat,nam,di_lam,lich_su,so_mi,blazer,quan_tay
vang,mat,nu,di_hoc,toi_gian,ao_thun,hoodie,quan_ni
trang,lanh,nu,di_lam,toi_gian,ao_len,ao_khoac,quan_tay
vang,mat,nam,di_choi,streetwear,ao_thun,ao_khoac,jeans
vang,nong,nu,di_lam,lich_su,so_mi,cardigan,chan_vay
ngam,nong,nam,di_choi,streetwear,ao_thun,khong_co,jeans
trang,nong,nu,di_choi,han_quoc,ao_thun,cardigan,chan_vay
vang,lanh,nu,di_hoc,sporty,ao_thun,ao_khoac,jeans
vang,nong,nam,di_hoc,toi_gian,ao_thun,khong_co,quan_ong_suong
ngam,lanh,nam,di_choi,han_quoc,ao_len,ao_khoac,kaki
trang,nong,nam,di_hoc,streetwear,ao_thun,khong_co,quan_ni
trang,nong,nu,di_choi,lich_su,so_mi,khong_co,chan_vay
vang,mat,nu,di_choi,sporty,tank_top,ao_khoac,quan_ni
ngam,mat,nu,di_choi,han_quoc,ao_len,ao_khoac,chan_vay
trang,mat,nu,di_choi,streetwear,crop_top,ao_khoac,jeans
ngam,lanh,nu,di_hoc,sporty,ao_thun,ao_khoac,jeans
vang,mat,nam,di_choi,toi_gian,ao_thun,ao_khoac,jeans
ngam,nong,nu,di_choi,han_quoc,ao_thun,cardigan,chan_vay
trang,lanh,nu,di_hoc,sporty,ao_thun,ao_khoac,jeans
vang,nong,nam,di_hoc,streetwear,ao_thun,khong_co,quan_ni
vang,nong,nam,di_lam,lich_su,so_mi,ao_khoac,quan_tay
vang,nong,nam,di_hoc,toi_gian,ao_thun,ao_khoac,quan_ong_suong
vang,nong,nu,di_choi,han_quoc,ao_thun,cardigan,chan_vay
vang,lanh,nam,di_lam,lich_su,ao_len,blazer,quan_tay
ngam,nong,nu,di_choi,sporty,tank_top,khong_co,short
ngam,lanh,nu,di_choi,lich_su,ao_len,blazer,chan_vay
trang,nong,nu,di_hoc,sporty,ao_thun,khong_co,quan_ni
vang,mat,nam,di_hoc,han_quoc,ao_len,ao_khoac,jeans
trang,lanh,nam,di_lam,lich_su,ao_len,blazer,quan_tay
vang,nong,nam,di_lam,toi_gian,so_mi,ao_khoac,quan_tay
trang,nong,nu,di_choi,sporty,tank_top,khong_co,short
trang,lanh,nam,di_lam,toi_gian,ao_len,ao_khoac,quan_tay
vang,lanh,nu,di_hoc,toi_gian,ao_len,ao_khoac,quan_ni
ngam,nong,nam,di_lam,toi_gian,so_mi,khong_co,quan_tay
ngam,mat,nu,di_hoc,han_quoc,ao_len,ao_khoac,quan_tay
trang,nong,nu,di_lam,toi_gian,so_mi,khong_co,quan_tay
trang,nong,nam,di_lam,lich_su,so_mi,khong_co,quan_tay
trang,nong,nu,di_choi,lich_su,so_mi,khong_co,chan_vay
trang,lanh,nu,di_hoc,han_quoc,ao_len,ao_khoac,quan_tay
ngam,lanh,nu,di_choi,han_quoc,ao_len,ao_khoac,chan_vay
trang,mat,nam,di_hoc,streetwear,ao_thun,hoodie,jeans
vang,nong,nam,di_choi,streetwear,ao_thun,khong_co,jeans
trang,nong,nu,di_choi,toi_gian,ao_thun,khong_co,short
ngam,nong,nu,di_hoc,streetwear,crop_top,ao_khoac,jeans
ngam,mat,nam,di_hoc,streetwear,ao_thun,hoodie,jeans
trang,lanh,nam,di_choi,sporty,ao_thun,ao_khoac,quan_ong_suong
ngam,nong,nu,di_hoc,toi_gian,ao_thun,ao_chong_nang,quan_ni
vang,mat,nam,di_hoc,streetwear,ao_thun,hoodie,jeans
ngam,nong,nu,di_hoc,streetwear,crop_top,ao_khoac,jeans
ngam,nong,nam,di_hoc,streetwear,ao_thun,khong_co,quan_ni
trang,nong,nam,di_lam,lich_su,so_mi,ao_khoac,quan_tay
trang,lanh,nu,di_hoc,han_quoc,ao_len,ao_khoac,quan_tay
ngam,lanh,nu,di_choi,toi_gian,ao_len,ao_khoac,jeans
trang,lanh,nu,di_choi,streetwear,crop_top,ao_khoac,jeans
vang,nong,nam,di_lam,toi_gian,so_mi,khong_co,quan_tay
trang,mat,nam,di_lam,toi_gian,so_mi,blazer,quan_tay
vang,nong,nam,di_lam,lich_su,so_mi,ao_khoac,quan_tay
trang,nong,nu,di_lam,toi_gian,so_mi,khong_co,quan_tay
trang,nong,nam,di_lam,lich_su,so_mi,khong_co,quan_tay
trang,nong,nam,di_lam,toi_gian,so_mi,ao_khoac,quan_tay
trang,lanh,nu,di_choi,han_quoc,ao_len,ao_khoac,chan_vay
vang,mat,nam,di_hoc,streetwear,ao_thun,hoodie,jeans
ngam,nong,nu,di_lam,toi_gian,so_mi,khong_co,quan_tay
vang,mat,nu,di_lam,toi_gian,so_mi,blazer,quan_tay
ngam,nong,nam,di_hoc,sporty,ao_thun,khong_co,kaki
ngam,lanh,nu,di_hoc,han_quoc,ao_len,ao_khoac,quan_tay
ngam,mat,nu,di_choi,toi_gian,ao_thun,ao_khoac,short
vang,mat,nam,di_lam,lich_su,so_mi,blazer,quan_tay
ngam,lanh,nu,di_hoc,han_quoc,ao_len,ao_khoac,quan_tay
vang,nong,nam,di_choi,han_quoc,ao_thun,khong_co,kaki
ngam,lanh,nam,di_lam,toi_gian,ao_len,ao_khoac,quan_tay
trang,mat,nam,di_choi,sporty,ao_thun,ao_khoac,quan_ong_suong
trang,lanh,nu,di_hoc,toi_gian,ao_len,ao_khoac,quan_ni
ngam,lanh,nu,di_hoc,sporty,ao_thun,ao_khoac,jeans
ngam,mat,nam,di_choi,sporty,ao_thun,ao_khoac,quan_ong_suong
trang,nong,nu,di_lam,lich_su,so_mi,cardigan,chan_vay
ngam,lanh,nu,di_lam,toi_gian,ao_len,ao_khoac,quan_tay
vang,nong,nam,di_choi,toi_gian,ao_thun,khong_co,jeans
trang,mat,nu,di_lam,toi_gian,so_mi,blazer,quan_tay
vang,lanh,nu,di_choi,sporty,ao_thun,ao_khoac,quan_ong_suong
trang,nong,nam,di_choi,streetwear,ao_thun,khong_co,jeans
ngam,nong,nam,di_choi,toi_gian,ao_thun,khong_co,jeans
trang,mat,nam,di_hoc,toi_gian,ao_thun,hoodie,quan_ong_suong
ngam,lanh,nam,di_choi,streetwear,ao_len,ao_khoac,jeans
trang,lanh,nu,di_choi,han_quoc,ao_len,ao_khoac,chan_vay
trang,lanh,nam,di_choi,toi_gian,ao_len,ao_khoac,jeans
vang,lanh,nam,di_lam,toi_gian,ao_len,ao_khoac,quan_tay
vang,nong,nam,di_lam,lich_su,so_mi,ao_khoac,quan_tay
vang,nong,nam,di_lam,toi_gian,so_mi,ao_khoac,quan_tay
ngam,lanh,nu,di_hoc,han_quoc,ao_len,ao_khoac,quan_tay
ngam,mat,nam,di_hoc,toi_gian,ao_thun,hoodie,quan_ong_suong
ngam,nong,nu,di_choi,sporty,tank_top,cardigan,quan_ni
ngam,mat,nu,di_choi,han_quoc,ao_len,ao_khoac,chan_vay
vang,lanh,nam,di_hoc,sporty,ao_thun,ao_khoac,quan_ong_suong
vang,mat,nam,di_lam,lich_su,so_mi,blazer,quan_tay
trang,mat,nu,di_lam,lich_su,so_mi,blazer,chan_vay
trang,lanh,nam,di_lam,toi_gian,ao_len,ao_khoac,quan_tay
trang,mat,nu,di_hoc,han_quoc,ao_len,ao_khoac,quan_tay
vang,mat,nam,di_choi,streetwear,ao_thun,ao_khoac,jeans
vang,nong,nu,di_choi,han_quoc,ao_thun,cardigan,chan_vay
ngam,mat,nu,di_hoc,han_quoc,ao_len,ao_khoac,quan_tay
vang,nong,nam,di_lam,toi_gian,so_mi,ao_khoac,quan_tay
vang,mat,nu,di_lam,toi_gian,so_mi,blazer,quan_tay
vang,mat,nu,di_hoc,lich_su,so_mi,blazer,quan_tay
vang,lanh,nu,di_hoc,streetwear,ao_thun,ao_khoac,jeans
vang,lanh,nu,di_lam,toi_gian,ao_len,ao_khoac,quan_tay
trang,nong,nam,di_choi,toi_gian,ao_thun,khong_co,jeans
vang,nong,nu,di_hoc,streetwear,crop_top,ao_khoac,jeans
vang,lanh,nu,di_lam,lich_su,ao_len,blazer,quan_tay
ngam,lanh,nam,di_hoc,streetwear,ao_thun,ao_khoac,jeans
trang,lanh,nam,di_hoc,sporty,ao_thun,ao_khoac,quan_ong_suong
trang,nong,nam,di_hoc,sporty,ao_thun,khong_co,kaki
vang,mat,nu,di_lam,han_quoc,ao_len,blazer,chan_vay
trang,lanh,nu,di_choi,streetwear,crop_top,ao_khoac,jeans
trang,lanh,nam,di_hoc,toi_gian,ao_len,ao_khoac,quan_ong_suong
vang,nong,nam,di_choi,streetwear,ao_thun,khong_co,jeans
trang,nong,nu,di_choi,sporty,tank_top,cardigan,quan_ni
vang,nong,nu,di_hoc,han_quoc,ao_thun,khong_co,quan_tay
ngam,lanh,nam,di_lam,toi_gian,ao_len,ao_khoac,quan_tay
ngam,mat,nam,di_lam,lich_su,so_mi,blazer,quan_tay
ngam,nong,nu,di_lam,toi_gian,ao_thun,cardigan,quan_tay
ngam,nong,nu,di_hoc,sporty,ao_thun,khong_co,quan_ni
trang,nong,nu,di_lam,toi_gian,ao_thun,cardigan,quan_tay
vang,nong,nu,di_choi,sporty,tank_top,cardigan,quan_ni
ngam,lanh,nu,di_lam,han_quoc,ao_len,ao_khoac,chan_vay
trang,nong,nam,di_hoc,han_quoc,ao_thun,khong_co,jeans
ngam,lanh,nam,di_choi,sporty,ao_thun,ao_khoac,quan_ong_suong
ngam,nong,nu,di_hoc,toi_gian,ao_thun,khong_co,quan_ni
ngam,mat,nam,di_hoc,han_quoc,ao_len,ao_khoac,jeans
trang,mat,nam,di_hoc,lich_su,so_mi,blazer,quan_tay
trang,lanh,nam,di_choi,streetwear,ao_len,ao_khoac,jeans
trang,mat,nu,di_hoc,streetwear,ao_thun,hoodie,jeans
ngam,nong,nam,di_hoc,toi_gian,ao_thun,ao_khoac,quan_ong_suong
vang,mat,nu,di_lam,lich_su,so_mi,blazer,chan_vay
ngam,nong,nam,di_choi,han_quoc,ao_thun,khong_co,kaki
ngam,mat,nu,di_choi,lich_su,so_mi,blazer,chan_vay
ngam,nong,nu,di_hoc,toi_gian,ao_thun,ao_chong_nang,quan_ni
trang,mat,nu,di_lam,toi_gian,so_mi,blazer,quan_tay
vang,mat,nu,di_hoc,han_quoc,ao_len,ao_khoac,quan_tay
ngam,nong,nu,di_hoc,sporty,ao_thun,khong_co,quan_ni
ngam,nong,nu,di_hoc,streetwear,crop_top,khong_co,jeans
vang,mat,nu,di_choi,streetwear,crop_top,ao_khoac,jeans
vang,nong,nam,di_hoc,streetwear,ao_thun,khong_co,quan_ni
vang,nong,nam,di_choi,han_quoc,ao_thun,khong_co,kaki
ngam,lanh,nam,di_lam,toi_gian,ao_len,ao_khoac,quan_tay
vang,nong,nu,di_choi,lich_su,so_mi,khong_co,chan_vay
vang,mat,nu,di_hoc,toi_gian,ao_thun,hoodie,quan_ni
trang,nong,nam,di_hoc,sporty,ao_thun,khong_co,kaki
ngam,lanh,nu,di_choi,lich_su,ao_len,blazer,chan_vay
trang,lanh,nam,di_hoc,streetwear,ao_thun,ao_khoac,jeans
ngam,lanh,nam,di_hoc,streetwear,ao_thun,ao_khoac,jeans
trang,mat,nu,di_hoc,lich_su,so_mi,blazer,quan_tay
vang,nong,nu,di_choi,sporty,tank_top,khong_co,short
vang,nong,nam,di_hoc,sporty,ao_thun,khong_co,kaki
trang,lanh,nu,di_hoc,toi_gian,ao_len,ao_khoac,quan_ni
ngam,mat,nu,di_lam,lich_su,ao_thun,blazer,quan_tay
trang,lanh,nam,di_hoc,streetwear,ao_thun,ao_khoac,jeans
vang,lanh,nu,di_choi,streetwear,crop_top,ao_khoac,jeans
trang,nong,nu,di_choi,sporty,tank_top,cardigan,quan_ni
trang,nong,nu,di_hoc,toi_gian,ao_thun,khong_co,quan_ni
ngam,lanh,nam,di_choi,streetwear,ao_len,ao_khoac,jeans
ngam,nong,nam,di_hoc,sporty,ao_thun,khong_co,kaki
trang,nong,nu,di_hoc,han_quoc,ao_thun,khong_co,quan_tay
trang,mat,nam,di_choi,sporty,ao_thun,ao_khoac,quan_ong_suong
vang,mat,nam,di_choi,sporty,ao_thun,ao_khoac,quan_ong_suong
ngam,mat,nu,di_choi,lich_su,so_mi,blazer,chan_vay
vang,lanh,nam,di_choi,lich_su,ao_len,blazer,quan_tay
ngam,mat,nam,di_hoc,han_quoc,ao_len,ao_khoac,jeans
trang,nong,nu,di_hoc,sporty,ao_thun,khong_co,quan_ni
ngam,mat,nu,di_lam,toi_gian,so_mi,blazer,quan_tay
ngam,mat,nu,di_hoc,sporty,ao_thun,hoodie,quan_ni
ngam,lanh,nu,di_hoc,sporty,ao_thun,ao_khoac,jeans
vang,lanh,nu,di_choi,lich_su,ao_len,blazer,chan_vay
vang,mat,nu,di_choi,streetwear,crop_top,ao_khoac,jeans
trang,nong,nam,di_lam,toi_gian,so_mi,ao_khoac,quan_tay
vang,mat,nam,di_hoc,streetwear,ao_thun,hoodie,jeans
ngam,mat,nu,di_lam,lich_su,ao_thun,blazer,quan_tay
ngam,nong,nam,di_choi,han_quoc,ao_thun,khong_co,kaki
trang,nong,nam,di_choi,sporty,ao_thun,khong_co,short
trang,mat,nam,di_choi,streetwear,ao_thun,ao_khoac,jeans
trang,mat,nu,di_hoc,streetwear,ao_thun,hoodie,jeans
ngam,lanh,nam,di_choi,han_quoc,ao_len,ao_khoac,kaki
vang,mat,nu,di_hoc,streetwear,ao_thun,hoodie,jeans
ngam,mat,nu,di_lam,han_quoc,ao_len,blazer,chan_vay
vang,nong,nu,di_hoc,han_quoc,ao_thun,khong_co,quan_tay
vang,lanh,nam,di_choi,han_quoc,ao_len,ao_khoac,kaki
vang,lanh,nam,di_choi,toi_gian,ao_len,ao_khoac,jeans
ngam,lanh,nam,di_choi,lich_su,ao_len,blazer,quan_tay
trang,nong,nu,di_choi,han_quoc,ao_thun,cardigan,chan_vay
ngam,mat,nam,di_hoc,streetwear,ao_thun,hoodie,jeans
ngam,mat,nam,di_hoc,toi_gian,ao_thun,hoodie,quan_ong_suong
vang,lanh,nam,di_choi,han_quoc,ao_len,ao_khoac,kaki
vang,lanh,nu,di_choi,toi_gian,ao_len,ao_khoac,jeans
ngam,nong,nu,di_choi,lich_su,so_mi,khong_co,chan_vay
ngam,nong,nu,di_choi,sporty,tank_top,cardigan,quan_ni
ngam,mat,nu,di_hoc,han_quoc,ao_len,ao_khoac,quan_tay
vang,lanh,nu,di_choi,lich_su,ao_len,blazer,chan_vay
ngam,mat,nam,di_hoc,lich_su,so_mi,blazer,quan_tay
ngam,nong,nu,di_choi,lich_su,so_mi,khong_co,chan_vay
trang,nong,nam,di_lam,lich_su,so_mi,ao_khoac,quan_tay
vang,nong,nam,di_choi,han_quoc,ao_thun,khong_co,kaki
ngam,mat,nu,di_choi,streetwear,crop_top,ao_khoac,jeans
trang,nong,nu,di_hoc,han_quoc,ao_thun,khong_co,quan_tay
trang,nong,nu,di_choi,sporty,tank_top,khong_co,short
vang,mat,nu,di_choi,streetwear,crop_top,ao_khoac,jeans
vang,lanh,nam,di_lam,toi_gian,ao_len,ao_khoac,quan_tay
vang,nong,nu,di_hoc,toi_gian,ao_thun,ao_chong_nang,quan_ni
vang,nong,nu,di_lam,lich_su,so_mi,cardigan,chan_vay
trang,nong,nam,di_choi,toi_gian,ao_thun,khong_co,jeans
trang,nong,nu,di_hoc,streetwear,crop_top,khong_co,jeans
ngam,lanh,nam,di_choi,streetwear,ao_len,ao_khoac,jeans
trang,nong,nam,di_lam,lich_su,so_mi,ao_khoac,quan_tay
vang,lanh,nu,di_choi,han_quoc,ao_len,ao_khoac,chan_vay
trang,lanh,nu,di_lam,lich_su,ao_len,blazer,quan_tay
ngam,mat,nu,di_lam,han_quoc,ao_len,blazer,chan_vay
vang,lanh,nam,di_choi,streetwear,ao_len,ao_khoac,jeans
vang,nong,nam,di_lam,toi_gian,so_mi,khong_co,quan_tay
ngam,nong,nu,di_hoc,streetwear,crop_top,khong_co,jeans
trang,mat,nu,di_hoc,sporty,ao_thun,hoodie,quan_ni
vang,nong,nu,di_hoc,sporty,ao_thun,khong_co,quan_ni
trang,lanh,nam,di_choi,streetwear,ao_len,ao_khoac,jeans
trang,nong,nam,di_choi,toi_gian,ao_thun,khong_co,jeans
trang,mat,nam,di_choi,han_quoc,ao_len,ao_khoac,kaki
trang,nong,nu,di_lam,lich_su,so_mi,cardigan,chan_vay
ngam,lanh,nam,di_choi,toi_gian,ao_len,ao_khoac,jeans
vang,lanh,nam,di_choi,sporty,ao_thun,ao_khoac,quan_ong_suong
vang,lanh,nam,di_hoc,sporty,ao_thun,ao_khoac,quan_ong_suong
ngam,lanh,nu,di_choi,lich_su,ao_len,blazer,chan_vay
vang,mat,nu,di_choi,han_quoc,ao_len,ao_khoac,chan_vay
ngam,nong,nam,di_hoc,han_quoc,ao_thun,khong_co,jeans
ngam,mat,nu,di_hoc,lich_su,so_mi,blazer,quan_tay
ngam,lanh,nu,di_hoc,toi_gian,ao_len,ao_khoac,quan_ni
ngam,nong,nu,di_hoc,toi_gian,ao_thun,ao_chong_nang,quan_ni
vang,lanh,nu,di_choi,lich_su,ao_len,blazer,chan_vay
ngam,nong,nu,di_lam,toi_gian,ao_thun,cardigan,quan_tay
ngam,mat,nu,di_choi,toi_gian,ao_thun,ao_khoac,short
ngam,lanh,nam,di_hoc,streetwear,ao_thun,ao_khoac,jeans
vang,mat,nam,di_hoc,streetwear,ao_thun,hoodie,jeans
trang,mat,nu,di_lam,toi_gian,so_mi,blazer,quan_tay
ngam,mat,nu,di_lam,lich_su,so_mi,blazer,chan_vay
trang,lanh,nu,di_choi,lich_su,ao_len,blazer,chan_vay
trang,nong,nam,di_hoc,streetwear,ao_thun,khong_co,quan_ni
vang,mat,nam,di_choi,lich_su,so_mi,blazer,quan_tay
ngam,lanh,nu,di_choi,lich_su,ao_len,blazer,chan_vay
vang,nong,nu,di_hoc,streetwear,crop_top,ao_khoac,jeans
ngam,nong,nu,di_hoc,han_quoc,ao_thun,khong_co,quan_tay
trang,mat,nu,di_lam,han_quoc,ao_len,blazer,chan_vay
trang,lanh,nu,di_lam,lich_su,ao_len,blazer,quan_tay
vang,nong,nam,di_hoc,toi_gian,ao_thun,ao_khoac,quan_ong_suong
ngam,lanh,nu,di_hoc,sporty,ao_thun,ao_khoac,jeans
vang,nong,nam,di_hoc,han_quoc,ao_thun,khong_co,jeans
trang,nong,nam,di_hoc,streetwear,ao_thun,khong_co,quan_ni
ngam,mat,nu,di_hoc,streetwear,ao_thun,hoodie,jeans
vang,lanh,nu,di_hoc,streetwear,ao_thun,ao_khoac,jeans
vang,mat,nu,di_lam,han_quoc,ao_len,blazer,chan_vay
trang,lanh,nam,di_lam,toi_gian,ao_len,ao_khoac,quan_tay
trang,nong,nam,di_choi,lich_su,so_mi,khong_co,quan_tay
trang,nong,nam,di_hoc,han_quoc,ao_thun,khong_co,jeans
vang,nong,nam,di_choi,streetwear,ao_thun,khong_co,jeans
ngam,nong,nam,di_hoc,toi_gian,ao_thun,ao_khoac,quan_ong_suong
ngam,lanh,nu,di_choi,streetwear,crop_top,ao_khoac,jeans
trang,lanh,nu,di_choi,toi_gian,ao_len,ao_khoac,jeans
vang,lanh,nu,di_lam,han_quoc,ao_len,ao_khoac,chan_vay
ngam,mat,nam,di_hoc,lich_su,so_mi,blazer,quan_tay
ngam,lanh,nam,di_choi,sporty,ao_thun,ao_khoac,quan_ong_suong
vang,mat,nu,di_choi,toi_gian,ao_thun,ao_khoac,short
trang,nong,nam,di_lam,toi_gian,so_mi,khong_co,quan_tay
trang,mat,nu,di_lam,toi_gian,so_mi,blazer,quan_tay
ngam,nong,nam,di_lam,toi_gian,so_mi,khong_co,quan_tay
trang,nong,nu,di_hoc,toi_gian,ao_thun,ao_chong_nang,quan_ni
trang,nong,nam,di_lam,toi_gian,so_mi,khong_co,quan_tay
ngam,mat,nu,di_hoc,sporty,ao_thun,hoodie,quan_ni
trang,lanh,nu,di_choi,sporty,ao_thun,ao_khoac,quan_ong_suong
trang,mat,nu,di_hoc,han_quoc,ao_len,ao_khoac,quan_tay
trang,mat,nam,di_lam,toi_gian,so_mi,blazer,quan_tay
ngam,mat,nu,di_lam,han_quoc,ao_len,blazer,chan_vay
ngam,nong,nam,di_choi,han_quoc,ao_thun,khong_co,kaki
vang,nong,nu,di_choi,toi_gian,ao_thun,khong_co,short
ngam,nong,nu,di_choi,han_quoc,ao_thun,cardigan,chan_vay
ngam,mat,nam,di_hoc,toi_gian,ao_thun,hoodie,quan_ong_suong
ngam,mat,nu,di_lam,lich_su,ao_thun,blazer,quan_tay
trang,lanh,nam,di_choi,han_quoc,ao_len,ao_khoac,kaki
trang,nong,nu,di_choi,lich_su,so_mi,khong_co,chan_vay
ngam,mat,nam,di_lam,lich_su,so_mi,blazer,quan_tay
ngam,nong,nu,di_lam,toi_gian,so_mi,khong_co,quan_tay
vang,nong,nu,di_choi,toi_gian,ao_thun,khong_co,short
trang,mat,nu,di_hoc,lich_su,so_mi,blazer,quan_tay
trang,mat,nu,di_choi,streetwear,crop_top,ao_khoac,jeans
ngam,nong,nam,di_lam,toi_gian,so_mi,ao_khoac,quan_tay
trang,mat,nu,di_hoc,streetwear,ao_thun,hoodie,jeans
trang,nong,nam,di_hoc,toi_gian,ao_thun,ao_khoac,quan_ong_suong
trang,mat,nam,di_choi,han_quoc,ao_len,ao_khoac,kaki
ngam,mat,nu,di_choi,toi_gian,ao_thun,ao_khoac,short
trang,mat,nam,di_hoc,lich_su,so_mi,blazer,quan_tay
ngam,lanh,nam,di_choi,lich_su,ao_len,blazer,quan_tay
trang,mat,nam,di_lam,toi_gian,so_mi,blazer,quan_tay
vang,lanh,nam,di_hoc,streetwear,ao_thun,ao_khoac,jeans
trang,lanh,nu,di_hoc,toi_gian,ao_len,ao_khoac,quan_ni
ngam,nong,nam,di_choi,streetwear,ao_thun,khong_co,jeans
vang,mat,nam,di_choi,lich_su,so_mi,blazer,quan_tay
vang,nong,nu,di_hoc,toi_gian,ao_thun,khong_co,quan_ni
trang,nong,nam,di_choi,lich_su,so_mi,khong_co,quan_tay
vang,lanh,nu,di_hoc,toi_gian,ao_len,ao_khoac,quan_ni
vang,mat,nam,di_choi,sporty,ao_thun,ao_khoac,quan_ong_suong
trang,lanh,nam,di_choi,sporty,ao_thun,ao_khoac,quan_ong_suong
vang,lanh,nam,di_hoc,toi_gian,ao_len,ao_khoac,quan_ong_suong
trang,nong,nu,di_hoc,toi_gian,ao_thun,khong_co,quan_ni
trang,lanh,nam,di_hoc,sporty,ao_thun,ao_khoac,quan_ong_suong
ngam,nong,nam,di_lam,lich_su,so_mi,ao_khoac,quan_tay
vang,mat,nam,di_hoc,toi_gian,ao_thun,hoodie,quan_ong_suong
vang,mat,nam,di_choi,lich_su,so_mi,blazer,quan_tay
trang,mat,nam,di_choi,lich_su,so_mi,blazer,quan_tay
ngam,mat,nu,di_lam,han_quoc,ao_len,blazer,chan_vay
vang,lanh,nam,di_choi,lich_su,ao_len,blazer,quan_tay
trang,lanh,nam,di_hoc,streetwear,ao_thun,ao_khoac,jeans
trang,mat,nam,di_choi,han_quoc,ao_len,ao_khoac,kaki
vang,mat,nu,di_hoc,lich_su,so_mi,blazer,quan_tay
vang,nong,nam,di_choi,sporty,ao_thun,khong_co,short
trang,nong,nam,di_choi,streetwear,ao_thun,khong_co,jeans
ngam,lanh,nu,di_lam,lich_su,ao_len,blazer,quan_tay
trang,lanh,nu,di_choi,lich_su,ao_len,blazer,chan_vay
trang,nong,nu,di_hoc,toi_gian,ao_thun,ao_chong_nang,quan_ni
trang,nong,nam,di_hoc,han_quoc,ao_thun,khong_co,jeans
trang,nong,nu,di_lam,toi_gian,ao_thun,cardigan,quan_tay
vang,nong,nam,di_lam,toi_gian,so_mi,khong_co,quan_tay
trang,nong,nam,di_hoc,han_quoc,ao_thun,khong_co,jeans
trang,mat,nu,di_hoc,lich_su,so_mi,blazer,quan_tay
vang,mat,nu,di_lam,lich_su,so_mi,blazer,chan_vay
trang,nong,nam,di_choi,toi_gian,ao_thun,khong_co,jeans
trang,nong,nam,di_choi,streetwear,ao_thun,khong_co,jeans
vang,mat,nam,di_lam,lich_su,so_mi,blazer,quan_tay
ngam,mat,nam,di_choi,toi_gian,ao_thun,ao_khoac,jeans
trang,mat,nu,di_choi,sporty,tank_top,ao_khoac,quan_ni
vang,nong,nu,di_hoc,streetwear,crop_top,khong_co,jeans
ngam,mat,nu,di_choi,streetwear,crop_top,ao_khoac,jeans
ngam,lanh,nu,di_choi,streetwear,crop_top,ao_khoac,jeans
trang,nong,nam,di_hoc,han_quoc,ao_thun,khong_co,jeans
ngam,lanh,nu,di_choi,streetwear,crop_top,ao_khoac,jeans
trang,nong,nu,di_choi,sporty,tank_top,khong_co,short
vang,nong,nam,di_choi,toi_gian,ao_thun,khong_co,jeans
ngam,mat,nu,di_choi,sporty,tank_top,ao_khoac,quan_ni
trang,nong,nu,di_choi,sporty,tank_top,cardigan,quan_ni
trang,mat,nam,di_choi,streetwear,ao_thun,ao_khoac,jeans
trang,mat,nam,di_hoc,lich_su,so_mi,blazer,quan_tay
trang,mat,nu,di_hoc,han_quoc,ao_len,ao_khoac,quan_tay
ngam,lanh,nam,di_choi,sporty,ao_thun,ao_khoac,quan_ong_suong
trang,nong,nam,di_lam,toi_gian,so_mi,khong_co,quan_tay
vang,nong,nu,di_hoc,sporty,ao_thun,khong_co,quan_ni
vang,mat,nu,di_lam,toi_gian,so_mi,blazer,quan_tay
vang,lanh,nu,di_lam,han_quoc,ao_len,ao_khoac,chan_vay
trang,nong,nam,di_hoc,toi_gian,ao_thun,ao_khoac,quan_ong_suong
ngam,mat,nu,di_lam,han_quoc,ao_len,blazer,chan_vay
ngam,mat,nam,di_choi,han_quoc,ao_len,ao_khoac,kaki
trang,mat,nam,di_hoc,lich_su,so_mi,blazer,quan_tay
trang,nong,nu,di_choi,sporty,tank_top,cardigan,quan_ni
vang,lanh,nu,di_choi,toi_gian,ao_len,ao_khoac,jeans
vang,mat,nu,di_hoc,lich_su,so_mi,blazer,quan_tay
trang,lanh,nu,di_hoc,streetwear,ao_thun,ao_khoac,jeans
vang,nong,nam,di_choi,sporty,ao_thun,khong_co,short
vang,nong,nam,di_choi,han_quoc,ao_thun,khong_co,kaki
vang,mat,nam,di_choi,sporty,ao_thun,ao_khoac,quan_ong_suong
vang,lanh,nu,di_choi,streetwear,crop_top,ao_khoac,jeans
ngam,nong,nam,di_lam,toi_gian,so_mi,khong_co,quan_tay
trang,mat,nu,di_choi,streetwear,crop_top,ao_khoac,jeans
vang,lanh,nam,di_choi,han_quoc,ao_len,ao_khoac,kaki
ngam,lanh,nam,di_hoc,streetwear,ao_thun,ao_khoac,jeans
ngam,lanh,nu,di_hoc,han_quoc,ao_len,ao_khoac,quan_tay
vang,lanh,nu,di_choi,sporty,ao_thun,ao_khoac,quan_ong_suong
ngam,nong,nam,di_hoc,toi_gian,ao_thun,khong_co,quan_ong_suong
ngam,mat,nu,di_lam,han_quoc,ao_len,blazer,chan_vay
trang,mat,nu,di_lam,lich_su,ao_thun,blazer,quan_tay
trang,mat,nam,di_hoc,sporty,ao_thun,hoodie,kaki
trang,nong,nam,di_choi,lich_su,so_mi,khong_co,quan_tay
trang,mat,nu,di_hoc,toi_gian,ao_thun,hoodie,quan_ni
trang,mat,nu,di_choi,sporty,tank_top,ao_khoac,quan_ni
ngam,nong,nam,di_lam,toi_gian,so_mi,ao_khoac,quan_tay
vang,mat,nam,di_lam,lich_su,so_mi,blazer,quan_tay
ngam,mat,nu,di_hoc,streetwear,ao_thun,hoodie,jeans
trang,mat,nu,di_lam,han_quoc,ao_len,blazer,chan_vay
vang,lanh,nam,di_choi,sporty,ao_thun,ao_khoac,quan_ong_suong
vang,lanh,nam,di_lam,lich_su,ao_len,blazer,quan_tay
vang,nong,nu,di_hoc,toi_gian,ao_thun,ao_chong_nang,quan_ni
ngam,nong,nu,di_choi,han_quoc,ao_thun,cardigan,chan_vay
trang,nong,nam,di_hoc,toi_gian,ao_thun,khong_co,quan_ong_suong
trang,nong,nam,di_choi,streetwear,ao_thun,khong_co,jeans
ngam,mat,nu,di_hoc,streetwear,ao_thun,hoodie,jeans
trang,nong,nam,di_lam,toi_gian,so_mi,ao_khoac,quan_tay
trang,lanh,nu,di_hoc,toi_gian,ao_len,ao_khoac,quan_ni
trang,mat,nam,di_choi,lich_su,so_mi,blazer,quan_tay
vang,lanh,nu,di_choi,streetwear,crop_top,ao_khoac,jeans
ngam,lanh,nu,di_lam,lich_su,ao_len,blazer,quan_tay
vang,nong,nu,di_hoc,streetwear,crop_top,ao_khoac,jeans
ngam,lanh,nam,di_hoc,toi_gian,ao_len,ao_khoac,quan_ong_suong
ngam,nong,nam,di_choi,toi_gian,ao_thun,khong_co,jeans
trang,mat,nam,di_choi,toi_gian,ao_thun,ao_khoac,jeans
vang,lanh,nam,di_hoc,streetwear,ao_thun,ao_khoac,jeans
vang,lanh,nam,di_hoc,sporty,ao_thun,ao_khoac,quan_ong_suong
ngam,nong,nam,di_lam,lich_su,so_mi,ao_khoac,quan_tay
ngam,lanh,nu,di_choi,streetwear,crop_top,ao_khoac,jeans
vang,lanh,nu,di_lam,han_quoc,ao_len,ao_khoac,chan_vay
ngam,mat,nu,di_choi,han_quoc,ao_len,ao_khoac,chan_vay
vang,lanh,nu,di_hoc,toi_gian,ao_len,ao_khoac,quan_ni
vang,lanh,nam,di_choi,sporty,ao_thun,ao_khoac,quan_ong_suong
trang,lanh,nu,di_hoc,toi_gian,ao_len,ao_khoac,quan_ni
ngam,nong,nu,di_choi,han_quoc,ao_thun,cardigan,chan_vay
vang,lanh,nam,di_choi,streetwear,ao_len,ao_khoac,jeans
trang,nong,nam,di_lam,lich_su,so_mi,khong_co,quan_tay
trang,nong,nu,di_choi,sporty,tank_top,cardigan,quan_ni
ngam,mat,nam,di_hoc,streetwear,ao_thun,hoodie,jeans
vang,lanh,nam,di_choi,streetwear,ao_len,ao_khoac,jeans
vang,nong,nam,di_hoc,sporty,ao_thun,khong_co,kaki
vang,mat,nu,di_hoc,sporty,ao_thun,hoodie,quan_ni
ngam,mat,nu,di_choi,lich_su,so_mi,blazer,chan_vay
vang,nong,nam,di_lam,toi_gian,so_mi,khong_co,quan_tay
trang,mat,nu,di_hoc,toi_gian,ao_thun,hoodie,quan_ni
vang,mat,nam,di_hoc,sporty,ao_thun,hoodie,kaki
ngam,nong,nam,di_choi,lich_su,so_mi,khong_co,quan_tay
vang,lanh,nam,di_lam,lich_su,ao_len,blazer,quan_tay
ngam,nong,nam,di_choi,sporty,ao_thun,khong_co,short
trang,nong,nam,di_lam,lich_su,so_mi,ao_khoac,quan_tay
vang,mat,nu,di_lam,han_quoc,ao_len,blazer,chan_vay
vang,mat,nam,di_choi,toi_gian,ao_thun,ao_khoac,jeans
ngam,lanh,nu,di_lam,lich_su,ao_len,blazer,quan_tay
ngam,lanh,nam,di_lam,lich_su,ao_len,blazer,quan_tay
trang,mat,nam,di_choi,sporty,ao_thun,ao_khoac,quan_ong_suong
trang,lanh,nam,di_choi,toi_gian,ao_len,ao_khoac,jeans
vang,mat,nu,di_lam,han_quoc,ao_len,blazer,chan_vay
trang,nong,nu,di_lam,toi_gian,so_mi,khong_co,quan_tay
ngam,lanh,nam,di_hoc,streetwear,ao_thun,ao_khoac,jeans
vang,mat,nu,di_choi,han_quoc,ao_len,ao_khoac,chan_vay
trang,lanh,nu,di_hoc,sporty,ao_thun,ao_khoac,jeans
vang,nong,nam,di_choi,toi_gian,ao_thun,khong_co,jeans
ngam,lanh,nam,di_choi,sporty,ao_thun,ao_khoac,quan_ong_suong
trang,mat,nu,di_hoc,sporty,ao_thun,hoodie,quan_ni
trang,lanh,nam,di_lam,toi_gian,ao_len,ao_khoac,quan_tay
trang,mat,nam,di_hoc,toi_gian,ao_thun,hoodie,quan_ong_suong
vang,lanh,nam,di_lam,lich_su,ao_len,blazer,quan_tay
trang,mat,nu,di_hoc,streetwear,ao_thun,hoodie,jeans
trang,lanh,nam,di_lam,lich_su,ao_len,blazer,quan_tay
vang,nong,nu,di_hoc,sporty,ao_thun,khong_co,quan_ni
ngam,lanh,nu,di_lam,toi_gian,ao_len,ao_khoac,quan_tay
vang,nong,nam,di_choi,sporty,ao_thun,khong_co,short
ngam,nong,nam,di_lam,toi_gian,so_mi,khong_co,quan_tay
ngam,nong,nu,di_lam,lich_su,so_mi,cardigan,chan_vay
trang,mat,nam,di_hoc,sporty,ao_thun,hoodie,kaki
ngam,lanh,nam,di_choi,sporty,ao_thun,ao_khoac,quan_ong_suong
ngam,nong,nu,di_lam,toi_gian,ao_thun,cardigan,quan_tay
ngam,lanh,nam,di_choi,lich_su,ao_len,blazer,quan_tay
vang,mat,nu,di_choi,sporty,tank_top,ao_khoac,quan_ni
ngam,mat,nam,di_hoc,lich_su,so_mi,blazer,quan_tay
ngam,lanh,nu,di_hoc,han_quoc,ao_len,ao_khoac,quan_tay
trang,nong,nu,di_hoc,han_quoc,ao_thun,khong_co,quan_tay
ngam,lanh,nam,di_choi,sporty,ao_thun,ao_khoac,quan_ong_suong
vang,mat,nu,di_hoc,streetwear,ao_thun,hoodie,jeans
vang,nong,nam,di_hoc,toi_gian,ao_thun,khong_co,quan_ong_suong
ngam,lanh,nu,di_choi,streetwear,crop_top,ao_khoac,jeans
ngam,mat,nam,di_hoc,han_quoc,ao_len,ao_khoac,jeans
trang,lanh,nu,di_hoc,han_quoc,ao_len,ao_khoac,quan_tay
ngam,lanh,nu,di_choi,sporty,ao_thun,ao_khoac,quan_ong_suong
vang,lanh,nam,di_choi,sporty,ao_thun,ao_khoac,quan_ong_suong
vang,nong,nam,di_hoc,toi_gian,ao_thun,ao_khoac,quan_ong_suong
vang,nong,nam,di_hoc,sporty,ao_thun,khong_co,kaki
ngam,mat,nu,di_hoc,lich_su,so_mi,blazer,quan_tay
trang,nong,nu,di_choi,han_quoc,ao_thun,cardigan,chan_vay
trang,lanh,nam,di_hoc,streetwear,ao_thun,ao_khoac,jeans
trang,lanh,nam,di_choi,toi_gian,ao_len,ao_khoac,jeans
ngam,lanh,nam,di_hoc,streetwear,ao_thun,ao_khoac,jeans
ngam,nong,nu,di_choi,han_quoc,ao_thun,cardigan,chan_vay
vang,lanh,nu,di_hoc,toi_gian,ao_len,ao_khoac,quan_ni
vang,nong,nam,di_hoc,toi_gian,ao_thun,ao_khoac,quan_ong_suong
trang,nong,nu,di_hoc,streetwear,crop_top,khong_co,jeans
ngam,mat,nu,di_lam,lich_su,so_mi,blazer,chan_vay
trang,lanh,nu,di_choi,streetwear,crop_top,ao_khoac,jeans
vang,mat,nu,di_choi,han_quoc,ao_len,ao_khoac,chan_vay
ngam,mat,nam,di_choi,han_quoc,ao_len,ao_khoac,kaki
ngam,lanh,nu,di_lam,han_quoc,ao_len,ao_khoac,chan_vay
trang,mat,nu,di_hoc,streetwear,ao_thun,hoodie,jeans
ngam,lanh,nu,di_lam,lich_su,ao_len,blazer,quan_tay
ngam,nong,nu,di_hoc,toi_gian,ao_thun,ao_chong_nang,quan_ni
trang,lanh,nu,di_choi,sporty,ao_thun,ao_khoac,quan_ong_suong
ngam,mat,nu,di_hoc,lich_su,so_mi,blazer,quan_tay
ngam,mat,nu,di_hoc,streetwear,ao_thun,hoodie,jeans
vang,lanh,nam,di_choi,sporty,ao_thun,ao_khoac,quan_ong_suong
vang,lanh,nam,di_choi,toi_gian,ao_len,ao_khoac,jeans
trang,nong,nam,di_lam,toi_gian,so_mi,ao_khoac,quan_tay
ngam,lanh,nam,di_lam,toi_gian,ao_len,ao_khoac,quan_tay
vang,nong,nam,di_lam,lich_su,so_mi,khong_co,quan_tay
vang,nong,nam,di_hoc,toi_gian,ao_thun,khong_co,quan_ong_suong
ngam,lanh,nu,di_lam,han_quoc,ao_len,ao_khoac,chan_vay
trang,mat,nu,di_choi,toi_gian,ao_thun,ao_khoac,short
vang,lanh,nu,di_choi,han_quoc,ao_len,ao_khoac,chan_vay
trang,lanh,nu,di_lam,toi_gian,ao_len,ao_khoac,quan_tay
ngam,nong,nam,di_choi,streetwear,ao_thun,khong_co,jeans
ngam,mat,nu,di_choi,lich_su,so_mi,blazer,chan_vay
ngam,mat,nam,di_lam,lich_su,so_mi,blazer,quan_tay
vang,mat,nam,di_choi,streetwear,ao_thun,ao_khoac,jeans
ngam,mat,nu,di_choi,streetwear,crop_top,ao_khoac,jeans
trang,mat,nu,di_hoc,toi_gian,ao_thun,hoodie,quan_ni
ngam,lanh,nam,di_choi,sporty,ao_thun,ao_khoac,quan_ong_suong
ngam,nong,nam,di_lam,toi_gian,so_mi,khong_co,quan_tay
vang,mat,nu,di_hoc,lich_su,so_mi,blazer,quan_tay
ngam,nong,nam,di_choi,lich_su,so_mi,khong_co,quan_tay
ngam,nong,nam,di_hoc,toi_gian,ao_thun,khong_co,quan_ong_suong
ngam,lanh,nu,di_choi,toi_gian,ao_len,ao_khoac,jeans
ngam,mat,nu,di_lam,lich_su,ao_thun,blazer,quan_tay
ngam,lanh,nam,di_choi,han_quoc,ao_len,ao_khoac,kaki
vang,lanh,nam,di_hoc,toi_gian,ao_len,ao_khoac,quan_ong_suong
vang,lanh,nam,di_choi,toi_gian,ao_len,ao_khoac,jeans
trang,lanh,nam,di_lam,toi_gian,ao_len,ao_khoac,quan_tay
vang,lanh,nu,di_lam,lich_su,ao_len,blazer,quan_tay
vang,lanh,nu,di_lam,lich_su,ao_len,blazer,quan_tay
ngam,nong,nu,di_choi,sporty,tank_top,cardigan,quan_ni
trang,mat,nu,di_choi,lich_su,so_mi,blazer,chan_vay
trang,lanh,nu,di_lam,lich_su,ao_len,blazer,quan_tay
ngam,mat,nu,di_choi,toi_gian,ao_thun,ao_khoac,short
trang,nong,nu,di_hoc,streetwear,crop_top,khong_co,jeans
trang,nong,nam,di_choi,han_quoc,ao_thun,khong_co,kaki
vang,nong,nam,di_hoc,toi_gian,ao_thun,ao_khoac,quan_ong_suong
ngam,lanh,nam,di_hoc,streetwear,ao_thun,ao_khoac,jeans
trang,nong,nu,di_hoc,streetwear,crop_top,ao_khoac,jeans
ngam,nong,nam,di_choi,toi_gian,ao_thun,khong_co,jeans
trang,nong,nam,di_lam,toi_gian,so_mi,ao_khoac,quan_tay
ngam,mat,nu,di_choi,toi_gian,ao_thun,ao_khoac,short
ngam,lanh,nam,di_hoc,sporty,ao_thun,ao_khoac,quan_ong_suong
vang,nong,nu,di_hoc,streetwear,crop_top,ao_khoac,jeans
trang,mat,nam,di_lam,toi_gian,so_mi,blazer,quan_tay
vang,mat,nu,di_choi,sporty,tank_top,ao_khoac,quan_ni
ngam,mat,nam,di_hoc,sporty,ao_thun,hoodie,kaki
trang,nong,nam,di_choi,han_quoc,ao_thun,khong_co,kaki
trang,mat,nam,di_hoc,streetwear,ao_thun,hoodie,jeans
vang,mat,nam,di_lam,toi_gian,so_mi,blazer,quan_tay
ngam,lanh,nu,di_choi,toi_gian,ao_len,ao_khoac,jeans
ngam,lanh,nu,di_hoc,streetwear,ao_thun,ao_khoac,jeans
ngam,mat,nu,di_hoc,toi_gian,ao_thun,hoodie,quan_ni
ngam,mat,nu,di_choi,lich_su,so_mi,blazer,chan_vay
trang,lanh,nam,di_hoc,toi_gian,ao_len,ao_khoac,quan_ong_suong
vang,lanh,nu,di_choi,toi_gian,ao_len,ao_khoac,jeans
trang,mat,nam,di_choi,streetwear,ao_thun,ao_khoac,jeans
ngam,nong,nu,di_hoc,han_quoc,ao_thun,khong_co,quan_tay
ngam,nong,nam,di_hoc,streetwear,ao_thun,khong_co,quan_ni
ngam,mat,nu,di_choi,streetwear,crop_top,ao_khoac,jeans
vang,mat,nam,di_choi,toi_gian,ao_thun,ao_khoac,jeans
vang,nong,nu,di_choi,sporty,tank_top,cardigan,quan_ni
vang,nong,nu,di_hoc,toi_gian,ao_thun,ao_chong_nang,quan_ni
trang,nong,nu,di_hoc,toi_gian,ao_thun,khong_co,quan_ni
vang,lanh,nam,di_choi,streetwear,ao_len,ao_khoac,jeans
vang,mat,nam,di_hoc,sporty,ao_thun,hoodie,kaki
trang,lanh,nu,di_choi,toi_gian,ao_len,ao_khoac,jeans
vang,nong,nam,di_lam,lich_su,so_mi,ao_khoac,quan_tay
ngam,nong,nam,di_hoc,toi_gian,ao_thun,ao_khoac,quan_ong_suong
vang,nong,nam,di_lam,toi_gian,so_mi,khong_co,quan_tay
ngam,nong,nam,di_choi,streetwear,ao_thun,khong_co,jeans
ngam,lanh,nu,di_hoc,toi_gian,ao_len,ao_khoac,quan_ni
trang,nong,nam,di_hoc,streetwear,ao_thun,khong_co,quan_ni
ngam,lanh,nu,di_lam,han_quoc,ao_len,ao_khoac,chan_vay
ngam,nong,nu,di_choi,lich_su,so_mi,khong_co,chan_vay
vang,lanh,nu,di_hoc,toi_gian,ao_len,ao_khoac,quan_ni
ngam,mat,nu,di_choi,streetwear,crop_top,ao_khoac,jeans
trang,mat,nu,di_choi,sporty,tank_top,ao_khoac,quan_ni
trang,mat,nam,di_choi,han_quoc,ao_len,ao_khoac,kaki
ngam,mat,nu,di_hoc,toi_gian,ao_thun,hoodie,quan_ni
trang,nong,nu,di_hoc,sporty,ao_thun,khong_co,quan_ni
ngam,nong,nu,di_hoc,streetwear,crop_top,ao_khoac,jeans
trang,nong,nu,di_choi,streetwear,ao_thun,khong_co,short
trang,nong,nu,di_hoc,streetwear,crop_top,khong_co,jeans
trang,nong,nu,di_hoc,han_quoc,ao_thun,khong_co,quan_tay
